week,part_number,qty
1,PN-10001,44
2,PN-10001,50
3,PN-10001,53
4,PN-10001,41
5,PN-10001,57
6,PN-10001,50
7,PN-10001,32
8,PN-10001,30
9,PN-10001,46
10,PN-10001,45
11,PN-10001,46
12,PN-10001,48
13,PN-10001,51
14,PN-10001,59
15,PN-10001,41
16,PN-10001,41
17,PN-10001,41
18,PN-10001,54
19,PN-10001,61
20,PN-10001,45
21,PN-10001,26
22,PN-10001,33
23,PN-10001,40
24,PN-10001,43
25,PN-10001,45
26,PN-10001,50
27,PN-10001,48
28,PN-10001,62
29,PN-10001,46
30,PN-10001,44
31,PN-10001,56
32,PN-10001,37
33,PN-10001,53
34,PN-10001,50
35,PN-10001,47
36,PN-10001,62
37,PN-10001,43
38,PN-10001,68
39,PN-10001,49
40,PN-10001,40
41,PN-10001,54
42,PN-10001,43
43,PN-10001,46
44,PN-10001,56
45,PN-10001,57
46,PN-10001,45
47,PN-10001,59
48,PN-10001,59
49,PN-10001,62
50,PN-10001,54
51,PN-10001,63
52,PN-10001,34
53,PN-10001,50
54,PN-10001,45
55,PN-10001,55
56,PN-10001,49
57,PN-10001,52
58,PN-10001,70
59,PN-10001,50
60,PN-10001,54
61,PN-10001,48
62,PN-10001,51
63,PN-10001,51
64,PN-10001,56
65,PN-10001,64
66,PN-10001,70
67,PN-10001,58
68,PN-10001,61
69,PN-10001,44
70,PN-10001,54
71,PN-10001,63
72,PN-10001,61
73,PN-10001,53
74,PN-10001,59
75,PN-10001,55
76,PN-10001,62
77,PN-10001,55
78,PN-10001,50
79,PN-10001,58
80,PN-10001,26
81,PN-10001,60
82,PN-10001,19
83,PN-10001,38
84,PN-10001,59
85,PN-10001,58
86,PN-10001,41
87,PN-10001,45
88,PN-10001,65
89,PN-10001,48
90,PN-10001,75
91,PN-10001,54
92,PN-10001,60
93,PN-10001,73
94,PN-10001,58
95,PN-10001,47
96,PN-10001,55
97,PN-10001,55
98,PN-10001,41
99,PN-10001,51
100,PN-10001,46
101,PN-10001,61
102,PN-10001,53
103,PN-10001,51
104,PN-10001,54
1,PN-10002,255
2,PN-10002,75
3,PN-10002,507
4,PN-10002,42
5,PN-10002,315
6,PN-10002,256
7,PN-10002,281
8,PN-10002,40
9,PN-10002,150
10,PN-10002,395
11,PN-10002,720
12,PN-10002,185
13,PN-10002,387
14,PN-10002,240
15,PN-10002,207
16,PN-10002,149
17,PN-10002,221
18,PN-10002,375
19,PN-10002,392
20,PN-10002,53
21,PN-10002,127
22,PN-10002,67
23,PN-10002,212
24,PN-10002,149
25,PN-10002,278
26,PN-10002,301
27,PN-10002,10
28,PN-10002,221
29,PN-10002,554
30,PN-10002,139
31,PN-10002,133
32,PN-10002,469
33,PN-10002,405
34,PN-10002,77
35,PN-10002,363
36,PN-10002,96
37,PN-10002,124
38,PN-10002,78
39,PN-10002,55
40,PN-10002,245
41,PN-10002,47
42,PN-10002,260
43,PN-10002,253
44,PN-10002,196
45,PN-10002,143
46,PN-10002,115
47,PN-10002,68
48,PN-10002,612
49,PN-10002,175
50,PN-10002,172
51,PN-10002,84
52,PN-10002,594
53,PN-10002,128
54,PN-10002,284
55,PN-10002,333
56,PN-10002,255
57,PN-10002,46
58,PN-10002,383
59,PN-10002,123
60,PN-10002,408
61,PN-10002,202
62,PN-10002,322
63,PN-10002,552
64,PN-10002,363
65,PN-10002,345
66,PN-10002,405
67,PN-10002,105
68,PN-10002,460
69,PN-10002,183
70,PN-10002,187
71,PN-10002,246
72,PN-10002,160
73,PN-10002,78
74,PN-10002,219
75,PN-10002,175
76,PN-10002,171
77,PN-10002,205
78,PN-10002,179
79,PN-10002,654
80,PN-10002,627
81,PN-10002,248
82,PN-10002,240
83,PN-10002,7
84,PN-10002,138
85,PN-10002,399
86,PN-10002,156
87,PN-10002,493
88,PN-10002,470
89,PN-10002,130
90,PN-10002,251
91,PN-10002,689
92,PN-10002,46
93,PN-10002,172
94,PN-10002,41
95,PN-10002,101
96,PN-10002,869
97,PN-10002,168
98,PN-10002,19
99,PN-10002,80
100,PN-10002,33
101,PN-10002,256
102,PN-10002,323
103,PN-10002,455
104,PN-10002,396
1,PN-10003,17
2,PN-10003,21
3,PN-10003,24
4,PN-10003,25
5,PN-10003,22
6,PN-10003,28
7,PN-10003,26
8,PN-10003,20
9,PN-10003,24
10,PN-10003,28
11,PN-10003,29
12,PN-10003,17
13,PN-10003,18
14,PN-10003,29
15,PN-10003,19
16,PN-10003,18
17,PN-10003,21
18,PN-10003,25
19,PN-10003,22
20,PN-10003,19
21,PN-10003,19
22,PN-10003,19
23,PN-10003,18
24,PN-10003,30
25,PN-10003,23
26,PN-10003,26
27,PN-10003,21
28,PN-10003,23
29,PN-10003,21
30,PN-10003,12
31,PN-10003,18
32,PN-10003,15
33,PN-10003,13
34,PN-10003,17
35,PN-10003,27
36,PN-10003,22
37,PN-10003,27
38,PN-10003,24
39,PN-10003,26
40,PN-10003,20
41,PN-10003,26
42,PN-10003,27
43,PN-10003,22
44,PN-10003,26
45,PN-10003,26
46,PN-10003,21
47,PN-10003,18
48,PN-10003,17
49,PN-10003,23
50,PN-10003,24
51,PN-10003,20
52,PN-10003,23
53,PN-10003,26
54,PN-10003,27
55,PN-10003,31
56,PN-10003,30
57,PN-10003,20
58,PN-10003,31
59,PN-10003,21
60,PN-10003,27
61,PN-10003,23
62,PN-10003,21
63,PN-10003,15
64,PN-10003,22
65,PN-10003,17
66,PN-10003,29
67,PN-10003,31
68,PN-10003,21
69,PN-10003,26
70,PN-10003,21
71,PN-10003,21
72,PN-10003,27
73,PN-10003,23
74,PN-10003,30
75,PN-10003,21
76,PN-10003,27
77,PN-10003,24
78,PN-10003,28
79,PN-10003,23
80,PN-10003,25
81,PN-10003,25
82,PN-10003,21
83,PN-10003,28
84,PN-10003,27
85,PN-10003,27
86,PN-10003,30
87,PN-10003,30
88,PN-10003,22
89,PN-10003,25
90,PN-10003,21
91,PN-10003,25
92,PN-10003,22
93,PN-10003,33
94,PN-10003,27
95,PN-10003,25
96,PN-10003,31
97,PN-10003,15
98,PN-10003,16
99,PN-10003,28
100,PN-10003,24
101,PN-10003,25
102,PN-10003,18
103,PN-10003,24
104,PN-10003,34
1,PN-10004,0
2,PN-10004,1067
3,PN-10004,2494
4,PN-10004,0
5,PN-10004,0
6,PN-10004,0
7,PN-10004,0
8,PN-10004,0
9,PN-10004,0
10,PN-10004,1021
11,PN-10004,0
12,PN-10004,0
13,PN-10004,0
14,PN-10004,1510
15,PN-10004,0
16,PN-10004,0
17,PN-10004,0
18,PN-10004,0
19,PN-10004,0
20,PN-10004,0
21,PN-10004,0
22,PN-10004,0
23,PN-10004,671
24,PN-10004,0
25,PN-10004,0
26,PN-10004,1950
27,PN-10004,0
28,PN-10004,0
29,PN-10004,483
30,PN-10004,0
31,PN-10004,0
32,PN-10004,0
33,PN-10004,809
34,PN-10004,0
35,PN-10004,0
36,PN-10004,0
37,PN-10004,761
38,PN-10004,0
39,PN-10004,0
40,PN-10004,1693
41,PN-10004,705
42,PN-10004,196
43,PN-10004,0
44,PN-10004,1201
45,PN-10004,0
46,PN-10004,0
47,PN-10004,0
48,PN-10004,0
49,PN-10004,731
50,PN-10004,0
51,PN-10004,0
52,PN-10004,0
53,PN-10004,0
54,PN-10004,0
55,PN-10004,1052
56,PN-10004,0
57,PN-10004,0
58,PN-10004,0
59,PN-10004,1163
60,PN-10004,0
61,PN-10004,0
62,PN-10004,0
63,PN-10004,659
64,PN-10004,0
65,PN-10004,0
66,PN-10004,1270
67,PN-10004,1044
68,PN-10004,0
69,PN-10004,356
70,PN-10004,0
71,PN-10004,0
72,PN-10004,0
73,PN-10004,0
74,PN-10004,0
75,PN-10004,1033
76,PN-10004,0
77,PN-10004,0
78,PN-10004,477
79,PN-10004,1429
80,PN-10004,0
81,PN-10004,946
82,PN-10004,0
83,PN-10004,0
84,PN-10004,0
85,PN-10004,0
86,PN-10004,0
87,PN-10004,0
88,PN-10004,240
89,PN-10004,0
90,PN-10004,0
91,PN-10004,0
92,PN-10004,0
93,PN-10004,0
94,PN-10004,0
95,PN-10004,0
96,PN-10004,0
97,PN-10004,0
98,PN-10004,0
99,PN-10004,0
100,PN-10004,304
101,PN-10004,1725
102,PN-10004,0
103,PN-10004,0
104,PN-10004,0
1,PN-10005,18
2,PN-10005,20
3,PN-10005,19
4,PN-10005,19
5,PN-10005,20
6,PN-10005,17
7,PN-10005,20
8,PN-10005,28
9,PN-10005,12
10,PN-10005,19
11,PN-10005,16
12,PN-10005,20
13,PN-10005,19
14,PN-10005,22
15,PN-10005,24
16,PN-10005,21
17,PN-10005,24
18,PN-10005,11
19,PN-10005,25
20,PN-10005,20
21,PN-10005,22
22,PN-10005,14
23,PN-10005,15
24,PN-10005,19
25,PN-10005,19
26,PN-10005,20
27,PN-10005,23
28,PN-10005,14
29,PN-10005,24
30,PN-10005,20
31,PN-10005,19
32,PN-10005,14
33,PN-10005,21
34,PN-10005,11
35,PN-10005,21
36,PN-10005,14
37,PN-10005,19
38,PN-10005,19
39,PN-10005,24
40,PN-10005,19
41,PN-10005,18
42,PN-10005,19
43,PN-10005,25
44,PN-10005,22
45,PN-10005,19
46,PN-10005,19
47,PN-10005,14
48,PN-10005,20
49,PN-10005,13
50,PN-10005,22
51,PN-10005,20
52,PN-10005,28
53,PN-10005,16
54,PN-10005,20
55,PN-10005,28
56,PN-10005,25
57,PN-10005,18
58,PN-10005,21
59,PN-10005,20
60,PN-10005,20
61,PN-10005,17
62,PN-10005,19
63,PN-10005,14
64,PN-10005,20
65,PN-10005,22
66,PN-10005,20
67,PN-10005,15
68,PN-10005,25
69,PN-10005,23
70,PN-10005,18
71,PN-10005,20
72,PN-10005,15
73,PN-10005,16
74,PN-10005,18
75,PN-10005,24
76,PN-10005,17
77,PN-10005,22
78,PN-10005,19
79,PN-10005,22
80,PN-10005,21
81,PN-10005,25
82,PN-10005,19
83,PN-10005,15
84,PN-10005,16
85,PN-10005,19
86,PN-10005,16
87,PN-10005,21
88,PN-10005,18
89,PN-10005,29
90,PN-10005,14
91,PN-10005,22
92,PN-10005,17
93,PN-10005,20
94,PN-10005,22
95,PN-10005,13
96,PN-10005,23
97,PN-10005,29
98,PN-10005,19
99,PN-10005,21
100,PN-10005,24
101,PN-10005,20
102,PN-10005,18
103,PN-10005,12
104,PN-10005,24
1,PN-10006,48
2,PN-10006,60
3,PN-10006,33
4,PN-10006,12
5,PN-10006,11
6,PN-10006,205
7,PN-10006,56
8,PN-10006,30
9,PN-10006,52
10,PN-10006,49
11,PN-10006,10
12,PN-10006,106
13,PN-10006,44
14,PN-10006,60
15,PN-10006,164
16,PN-10006,13
17,PN-10006,25
18,PN-10006,72
19,PN-10006,109
20,PN-10006,29
21,PN-10006,30
22,PN-10006,85
23,PN-10006,238
24,PN-10006,55
25,PN-10006,24
26,PN-10006,17
27,PN-10006,48
28,PN-10006,109
29,PN-10006,348
30,PN-10006,42
31,PN-10006,60
32,PN-10006,187
33,PN-10006,69
34,PN-10006,63
35,PN-10006,153
36,PN-10006,56
37,PN-10006,19
38,PN-10006,134
39,PN-10006,8
40,PN-10006,123
41,PN-10006,57
42,PN-10006,44
43,PN-10006,42
44,PN-10006,50
45,PN-10006,37
46,PN-10006,79
47,PN-10006,36
48,PN-10006,53
49,PN-10006,4
50,PN-10006,53
51,PN-10006,35
52,PN-10006,116
53,PN-10006,45
54,PN-10006,107
55,PN-10006,99
56,PN-10006,101
57,PN-10006,47
58,PN-10006,60
59,PN-10006,79
60,PN-10006,59
61,PN-10006,42
62,PN-10006,21
63,PN-10006,55
64,PN-10006,10
65,PN-10006,4
66,PN-10006,17
67,PN-10006,101
68,PN-10006,73
69,PN-10006,102
70,PN-10006,30
71,PN-10006,130
72,PN-10006,11
73,PN-10006,17
74,PN-10006,122
75,PN-10006,63
76,PN-10006,96
77,PN-10006,69
78,PN-10006,33
79,PN-10006,16
80,PN-10006,6
81,PN-10006,219
82,PN-10006,8
83,PN-10006,172
84,PN-10006,64
85,PN-10006,72
86,PN-10006,67
87,PN-10006,87
88,PN-10006,25
89,PN-10006,3
90,PN-10006,33
91,PN-10006,86
92,PN-10006,19
93,PN-10006,139
94,PN-10006,55
95,PN-10006,17
96,PN-10006,69
97,PN-10006,86
98,PN-10006,89
99,PN-10006,127
100,PN-10006,10
101,PN-10006,126
102,PN-10006,136
103,PN-10006,16
104,PN-10006,20
1,PN-10007,83
2,PN-10007,58
3,PN-10007,0
4,PN-10007,0
5,PN-10007,0
6,PN-10007,172
7,PN-10007,0
8,PN-10007,0
9,PN-10007,0
10,PN-10007,84
11,PN-10007,0
12,PN-10007,0
13,PN-10007,34
14,PN-10007,0
15,PN-10007,0
16,PN-10007,66
17,PN-10007,42
18,PN-10007,0
19,PN-10007,0
20,PN-10007,39
21,PN-10007,0
22,PN-10007,0
23,PN-10007,48
24,PN-10007,0
25,PN-10007,0
26,PN-10007,0
27,PN-10007,0
28,PN-10007,0
29,PN-10007,0
30,PN-10007,0
31,PN-10007,60
32,PN-10007,0
33,PN-10007,0
34,PN-10007,62
35,PN-10007,28
36,PN-10007,0
37,PN-10007,129
38,PN-10007,26
39,PN-10007,71
40,PN-10007,0
41,PN-10007,0
42,PN-10007,0
43,PN-10007,66
44,PN-10007,83
45,PN-10007,0
46,PN-10007,0
47,PN-10007,0
48,PN-10007,70
49,PN-10007,56
50,PN-10007,38
51,PN-10007,0
52,PN-10007,0
53,PN-10007,0
54,PN-10007,0
55,PN-10007,0
56,PN-10007,0
57,PN-10007,24
58,PN-10007,0
59,PN-10007,0
60,PN-10007,0
61,PN-10007,62
62,PN-10007,0
63,PN-10007,0
64,PN-10007,35
65,PN-10007,0
66,PN-10007,0
67,PN-10007,30
68,PN-10007,0
69,PN-10007,0
70,PN-10007,0
71,PN-10007,0
72,PN-10007,85
73,PN-10007,0
74,PN-10007,0
75,PN-10007,49
76,PN-10007,0
77,PN-10007,0
78,PN-10007,23
79,PN-10007,0
80,PN-10007,0
81,PN-10007,0
82,PN-10007,0
83,PN-10007,0
84,PN-10007,0
85,PN-10007,39
86,PN-10007,86
87,PN-10007,0
88,PN-10007,129
89,PN-10007,0
90,PN-10007,56
91,PN-10007,0
92,PN-10007,0
93,PN-10007,0
94,PN-10007,0
95,PN-10007,67
96,PN-10007,0
97,PN-10007,0
98,PN-10007,0
99,PN-10007,25
100,PN-10007,0
101,PN-10007,0
102,PN-10007,0
103,PN-10007,0
104,PN-10007,83
1,PN-10008,47
2,PN-10008,58
3,PN-10008,67
4,PN-10008,81
5,PN-10008,54
6,PN-10008,64
7,PN-10008,71
8,PN-10008,36
9,PN-10008,73
10,PN-10008,48
11,PN-10008,66
12,PN-10008,66
13,PN-10008,78
14,PN-10008,73
15,PN-10008,39
16,PN-10008,59
17,PN-10008,70
18,PN-10008,65
19,PN-10008,72
20,PN-10008,74
21,PN-10008,71
22,PN-10008,60
23,PN-10008,42
24,PN-10008,58
25,PN-10008,69
26,PN-10008,53
27,PN-10008,76
28,PN-10008,80
29,PN-10008,71
30,PN-10008,31
31,PN-10008,53
32,PN-10008,90
33,PN-10008,60
34,PN-10008,42
35,PN-10008,78
36,PN-10008,64
37,PN-10008,77
38,PN-10008,69
39,PN-10008,73
40,PN-10008,74
41,PN-10008,79
42,PN-10008,100
43,PN-10008,83
44,PN-10008,50
45,PN-10008,74
46,PN-10008,81
47,PN-10008,80
48,PN-10008,60
49,PN-10008,79
50,PN-10008,77
51,PN-10008,98
52,PN-10008,59
53,PN-10008,64
54,PN-10008,67
55,PN-10008,66
56,PN-10008,60
57,PN-10008,36
58,PN-10008,64
59,PN-10008,73
60,PN-10008,61
61,PN-10008,90
62,PN-10008,67
63,PN-10008,83
64,PN-10008,71
65,PN-10008,80
66,PN-10008,75
67,PN-10008,91
68,PN-10008,74
69,PN-10008,80
70,PN-10008,77
71,PN-10008,67
72,PN-10008,75
73,PN-10008,96
74,PN-10008,64
75,PN-10008,73
76,PN-10008,84
77,PN-10008,84
78,PN-10008,71
79,PN-10008,41
80,PN-10008,81
81,PN-10008,45
82,PN-10008,94
83,PN-10008,76
84,PN-10008,85
85,PN-10008,59
86,PN-10008,50
87,PN-10008,72
88,PN-10008,68
89,PN-10008,63
90,PN-10008,72
91,PN-10008,108
92,PN-10008,85
93,PN-10008,89
94,PN-10008,87
95,PN-10008,96
96,PN-10008,72
97,PN-10008,46
98,PN-10008,70
99,PN-10008,81
100,PN-10008,58
101,PN-10008,68
102,PN-10008,62
103,PN-10008,91
104,PN-10008,83
1,PN-10009,61
2,PN-10009,62
3,PN-10009,56
4,PN-10009,58
5,PN-10009,44
6,PN-10009,33
7,PN-10009,55
8,PN-10009,55
9,PN-10009,63
10,PN-10009,66
11,PN-10009,67
12,PN-10009,44
13,PN-10009,51
14,PN-10009,61
15,PN-10009,83
16,PN-10009,73
17,PN-10009,69
18,PN-10009,53
19,PN-10009,47
20,PN-10009,62
21,PN-10009,43
22,PN-10009,50
23,PN-10009,52
24,PN-10009,68
25,PN-10009,51
26,PN-10009,31
27,PN-10009,62
28,PN-10009,51
29,PN-10009,59
30,PN-10009,57
31,PN-10009,55
32,PN-10009,65
33,PN-10009,40
34,PN-10009,49
35,PN-10009,60
36,PN-10009,48
37,PN-10009,38
38,PN-10009,62
39,PN-10009,68
40,PN-10009,57
41,PN-10009,38
42,PN-10009,67
43,PN-10009,42
44,PN-10009,62
45,PN-10009,48
46,PN-10009,45
47,PN-10009,51
48,PN-10009,53
49,PN-10009,48
50,PN-10009,61
51,PN-10009,52
52,PN-10009,68
53,PN-10009,62
54,PN-10009,52
55,PN-10009,51
56,PN-10009,42
57,PN-10009,63
58,PN-10009,55
59,PN-10009,33
60,PN-10009,51
61,PN-10009,47
62,PN-10009,71
63,PN-10009,39
64,PN-10009,42
65,PN-10009,70
66,PN-10009,74
67,PN-10009,53
68,PN-10009,54
69,PN-10009,68
70,PN-10009,35
71,PN-10009,40
72,PN-10009,55
73,PN-10009,73
74,PN-10009,52
75,PN-10009,58
76,PN-10009,69
77,PN-10009,80
78,PN-10009,53
79,PN-10009,61
80,PN-10009,82
81,PN-10009,45
82,PN-10009,74
83,PN-10009,50
84,PN-10009,62
85,PN-10009,57
86,PN-10009,48
87,PN-10009,48
88,PN-10009,61
89,PN-10009,69
90,PN-10009,58
91,PN-10009,61
92,PN-10009,68
93,PN-10009,52
94,PN-10009,72
95,PN-10009,73
96,PN-10009,92
97,PN-10009,57
98,PN-10009,55
99,PN-10009,68
100,PN-10009,67
101,PN-10009,53
102,PN-10009,55
103,PN-10009,66
104,PN-10009,52
1,PN-10010,0
2,PN-10010,0
3,PN-10010,0
4,PN-10010,0
5,PN-10010,5681
6,PN-10010,15875
7,PN-10010,2281
8,PN-10010,0
9,PN-10010,7177
10,PN-10010,8045
11,PN-10010,0
12,PN-10010,6944
13,PN-10010,2276
14,PN-10010,0
15,PN-10010,0
16,PN-10010,0
17,PN-10010,0
18,PN-10010,14169
19,PN-10010,0
20,PN-10010,0
21,PN-10010,0
22,PN-10010,0
23,PN-10010,0
24,PN-10010,0
25,PN-10010,0
26,PN-10010,6382
27,PN-10010,0
28,PN-10010,0
29,PN-10010,0
30,PN-10010,0
31,PN-10010,4124
32,PN-10010,0
33,PN-10010,0
34,PN-10010,0
35,PN-10010,0
36,PN-10010,6196
37,PN-10010,0
38,PN-10010,0
39,PN-10010,0
40,PN-10010,2359
41,PN-10010,0
42,PN-10010,13207
43,PN-10010,0
44,PN-10010,0
45,PN-10010,0
46,PN-10010,0
47,PN-10010,4819
48,PN-10010,0
49,PN-10010,22785
50,PN-10010,721
51,PN-10010,0
52,PN-10010,3464
53,PN-10010,0
54,PN-10010,0
55,PN-10010,0
56,PN-10010,0
57,PN-10010,0
58,PN-10010,0
59,PN-10010,3242
60,PN-10010,14300
61,PN-10010,0
62,PN-10010,0
63,PN-10010,8011
64,PN-10010,0
65,PN-10010,0
66,PN-10010,0
67,PN-10010,0
68,PN-10010,0
69,PN-10010,0
70,PN-10010,0
71,PN-10010,4362
72,PN-10010,0
73,PN-10010,6312
74,PN-10010,0
75,PN-10010,2021
76,PN-10010,12552
77,PN-10010,4986
78,PN-10010,0
79,PN-10010,0
80,PN-10010,10077
81,PN-10010,0
82,PN-10010,0
83,PN-10010,0
84,PN-10010,0
85,PN-10010,0
86,PN-10010,6587
87,PN-10010,4204
88,PN-10010,0
89,PN-10010,1751
90,PN-10010,0
91,PN-10010,0
92,PN-10010,0
93,PN-10010,0
94,PN-10010,0
95,PN-10010,0
96,PN-10010,0
97,PN-10010,13323
98,PN-10010,4038
99,PN-10010,0
100,PN-10010,4194
101,PN-10010,0
102,PN-10010,0
103,PN-10010,0
104,PN-10010,0
1,PN-10011,373
2,PN-10011,485
3,PN-10011,628
4,PN-10011,488
5,PN-10011,468
6,PN-10011,353
7,PN-10011,675
8,PN-10011,578
9,PN-10011,565
10,PN-10011,582
11,PN-10011,553
12,PN-10011,488
13,PN-10011,508
14,PN-10011,495
15,PN-10011,805
16,PN-10011,606
17,PN-10011,505
18,PN-10011,590
19,PN-10011,437
20,PN-10011,664
21,PN-10011,451
22,PN-10011,552
23,PN-10011,602
24,PN-10011,546
25,PN-10011,529
26,PN-10011,534
27,PN-10011,540
28,PN-10011,498
29,PN-10011,516
30,PN-10011,709
31,PN-10011,543
32,PN-10011,467
33,PN-10011,483
34,PN-10011,625
35,PN-10011,579
36,PN-10011,567
37,PN-10011,496
38,PN-10011,585
39,PN-10011,480
40,PN-10011,530
41,PN-10011,664
42,PN-10011,660
43,PN-10011,469
44,PN-10011,477
45,PN-10011,564
46,PN-10011,710
47,PN-10011,348
48,PN-10011,552
49,PN-10011,395
50,PN-10011,469
51,PN-10011,504
52,PN-10011,511
53,PN-10011,511
54,PN-10011,576
55,PN-10011,524
56,PN-10011,427
57,PN-10011,654
58,PN-10011,639
59,PN-10011,635
60,PN-10011,391
61,PN-10011,564
62,PN-10011,599
63,PN-10011,439
64,PN-10011,550
65,PN-10011,550
66,PN-10011,765
67,PN-10011,787
68,PN-10011,413
69,PN-10011,854
70,PN-10011,487
71,PN-10011,674
72,PN-10011,659
73,PN-10011,452
74,PN-10011,593
75,PN-10011,533
76,PN-10011,604
77,PN-10011,582
78,PN-10011,695
79,PN-10011,592
80,PN-10011,576
81,PN-10011,718
82,PN-10011,661
83,PN-10011,671
84,PN-10011,513
85,PN-10011,463
86,PN-10011,503
87,PN-10011,492
88,PN-10011,632
89,PN-10011,657
90,PN-10011,553
91,PN-10011,731
92,PN-10011,740
93,PN-10011,630
94,PN-10011,519
95,PN-10011,781
96,PN-10011,596
97,PN-10011,605
98,PN-10011,545
99,PN-10011,479
100,PN-10011,415
101,PN-10011,627
102,PN-10011,488
103,PN-10011,897
104,PN-10011,475
1,PN-10012,313
2,PN-10012,450
3,PN-10012,530
4,PN-10012,420
5,PN-10012,453
6,PN-10012,269
7,PN-10012,346
8,PN-10012,311
9,PN-10012,251
10,PN-10012,388
11,PN-10012,229
12,PN-10012,299
13,PN-10012,363
14,PN-10012,350
15,PN-10012,449
16,PN-10012,446
17,PN-10012,490
18,PN-10012,474
19,PN-10012,494
20,PN-10012,401
21,PN-10012,415
22,PN-10012,424
23,PN-10012,398
24,PN-10012,364
25,PN-10012,376
26,PN-10012,349
27,PN-10012,451
28,PN-10012,419
29,PN-10012,379
30,PN-10012,379
31,PN-10012,332
32,PN-10012,491
33,PN-10012,414
34,PN-10012,338
35,PN-10012,453
36,PN-10012,355
37,PN-10012,298
38,PN-10012,482
39,PN-10012,376
40,PN-10012,395
41,PN-10012,437
42,PN-10012,528
43,PN-10012,439
44,PN-10012,339
45,PN-10012,466
46,PN-10012,380
47,PN-10012,547
48,PN-10012,403
49,PN-10012,241
50,PN-10012,433
51,PN-10012,559
52,PN-10012,544
53,PN-10012,577
54,PN-10012,360
55,PN-10012,518
56,PN-10012,387
57,PN-10012,458
58,PN-10012,333
59,PN-10012,374
60,PN-10012,365
61,PN-10012,477
62,PN-10012,469
63,PN-10012,435
64,PN-10012,319
65,PN-10012,407
66,PN-10012,382
67,PN-10012,519
68,PN-10012,549
69,PN-10012,538
70,PN-10012,386
71,PN-10012,223
72,PN-10012,294
73,PN-10012,531
74,PN-10012,388
75,PN-10012,361
76,PN-10012,546
77,PN-10012,527
78,PN-10012,441
79,PN-10012,425
80,PN-10012,445
81,PN-10012,479
82,PN-10012,592
83,PN-10012,489
84,PN-10012,505
85,PN-10012,530
86,PN-10012,340
87,PN-10012,483
88,PN-10012,402
89,PN-10012,235
90,PN-10012,269
91,PN-10012,364
92,PN-10012,499
93,PN-10012,473
94,PN-10012,483
95,PN-10012,631
96,PN-10012,356
97,PN-10012,452
98,PN-10012,470
99,PN-10012,380
100,PN-10012,435
101,PN-10012,308
102,PN-10012,547
103,PN-10012,389
104,PN-10012,619
1,PN-10013,134
2,PN-10013,134
3,PN-10013,80
4,PN-10013,185
5,PN-10013,30
6,PN-10013,122
7,PN-10013,415
8,PN-10013,164
9,PN-10013,85
10,PN-10013,411
11,PN-10013,367
12,PN-10013,434
13,PN-10013,681
14,PN-10013,65
15,PN-10013,689
16,PN-10013,105
17,PN-10013,251
18,PN-10013,23
19,PN-10013,90
20,PN-10013,310
21,PN-10013,242
22,PN-10013,95
23,PN-10013,146
24,PN-10013,77
25,PN-10013,308
26,PN-10013,420
27,PN-10013,66
28,PN-10013,147
29,PN-10013,31
30,PN-10013,185
31,PN-10013,231
32,PN-10013,192
33,PN-10013,208
34,PN-10013,125
35,PN-10013,126
36,PN-10013,121
37,PN-10013,85
38,PN-10013,97
39,PN-10013,218
40,PN-10013,417
41,PN-10013,56
42,PN-10013,139
43,PN-10013,43
44,PN-10013,93
45,PN-10013,108
46,PN-10013,168
47,PN-10013,161
48,PN-10013,138
49,PN-10013,197
50,PN-10013,58
51,PN-10013,169
52,PN-10013,267
53,PN-10013,61
54,PN-10013,18
55,PN-10013,341
56,PN-10013,46
57,PN-10013,90
58,PN-10013,266
59,PN-10013,56
60,PN-10013,301
61,PN-10013,72
62,PN-10013,63
63,PN-10013,74
64,PN-10013,233
65,PN-10013,89
66,PN-10013,339
67,PN-10013,159
68,PN-10013,173
69,PN-10013,67
70,PN-10013,383
71,PN-10013,279
72,PN-10013,267
73,PN-10013,125
74,PN-10013,36
75,PN-10013,167
76,PN-10013,225
77,PN-10013,231
78,PN-10013,211
79,PN-10013,208
80,PN-10013,80
81,PN-10013,85
82,PN-10013,46
83,PN-10013,352
84,PN-10013,605
85,PN-10013,1019
86,PN-10013,182
87,PN-10013,198
88,PN-10013,130
89,PN-10013,179
90,PN-10013,58
91,PN-10013,134
92,PN-10013,71
93,PN-10013,124
94,PN-10013,79
95,PN-10013,249
96,PN-10013,272
97,PN-10013,206
98,PN-10013,83
99,PN-10013,41
100,PN-10013,257
101,PN-10013,152
102,PN-10013,16
103,PN-10013,176
104,PN-10013,213
1,PN-10014,1
2,PN-10014,9
3,PN-10014,1
4,PN-10014,3
5,PN-10014,1
6,PN-10014,2
7,PN-10014,2
8,PN-10014,12
9,PN-10014,4
10,PN-10014,4
11,PN-10014,13
12,PN-10014,13
13,PN-10014,4
14,PN-10014,8
15,PN-10014,3
16,PN-10014,6
17,PN-10014,2
18,PN-10014,9
19,PN-10014,14
20,PN-10014,12
21,PN-10014,6
22,PN-10014,1
23,PN-10014,3
24,PN-10014,5
25,PN-10014,1
26,PN-10014,1
27,PN-10014,18
28,PN-10014,12
29,PN-10014,9
30,PN-10014,11
31,PN-10014,2
32,PN-10014,2
33,PN-10014,7
34,PN-10014,7
35,PN-10014,1
36,PN-10014,6
37,PN-10014,5
38,PN-10014,12
39,PN-10014,8
40,PN-10014,20
41,PN-10014,4
42,PN-10014,2
43,PN-10014,20
44,PN-10014,8
45,PN-10014,6
46,PN-10014,3
47,PN-10014,4
48,PN-10014,4
49,PN-10014,2
50,PN-10014,0
51,PN-10014,4
52,PN-10014,11
53,PN-10014,16
54,PN-10014,13
55,PN-10014,14
56,PN-10014,2
57,PN-10014,8
58,PN-10014,9
59,PN-10014,10
60,PN-10014,5
61,PN-10014,7
62,PN-10014,12
63,PN-10014,9
64,PN-10014,10
65,PN-10014,4
66,PN-10014,10
67,PN-10014,7
68,PN-10014,12
69,PN-10014,3
70,PN-10014,12
71,PN-10014,5
72,PN-10014,11
73,PN-10014,8
74,PN-10014,6
75,PN-10014,5
76,PN-10014,6
77,PN-10014,4
78,PN-10014,5
79,PN-10014,9
80,PN-10014,1
81,PN-10014,12
82,PN-10014,12
83,PN-10014,5
84,PN-10014,7
85,PN-10014,2
86,PN-10014,9
87,PN-10014,3
88,PN-10014,0
89,PN-10014,15
90,PN-10014,2
91,PN-10014,6
92,PN-10014,8
93,PN-10014,10
94,PN-10014,7
95,PN-10014,8
96,PN-10014,5
97,PN-10014,1
98,PN-10014,6
99,PN-10014,10
100,PN-10014,2
101,PN-10014,7
102,PN-10014,23
103,PN-10014,6
104,PN-10014,6
1,PN-10015,0
2,PN-10015,0
3,PN-10015,0
4,PN-10015,0
5,PN-10015,0
6,PN-10015,0
7,PN-10015,0
8,PN-10015,0
9,PN-10015,0
10,PN-10015,0
11,PN-10015,0
12,PN-10015,0
13,PN-10015,0
14,PN-10015,0
15,PN-10015,0
16,PN-10015,0
17,PN-10015,0
18,PN-10015,0
19,PN-10015,0
20,PN-10015,0
21,PN-10015,0
22,PN-10015,0
23,PN-10015,2165
24,PN-10015,0
25,PN-10015,0
26,PN-10015,1746
27,PN-10015,0
28,PN-10015,0
29,PN-10015,811
30,PN-10015,0
31,PN-10015,0
32,PN-10015,0
33,PN-10015,0
34,PN-10015,0
35,PN-10015,0
36,PN-10015,0
37,PN-10015,1551
38,PN-10015,0
39,PN-10015,0
40,PN-10015,0
41,PN-10015,0
42,PN-10015,0
43,PN-10015,0
44,PN-10015,974
45,PN-10015,0
46,PN-10015,0
47,PN-10015,0
48,PN-10015,0
49,PN-10015,0
50,PN-10015,0
51,PN-10015,0
52,PN-10015,2422
53,PN-10015,0
54,PN-10015,0
55,PN-10015,0
56,PN-10015,0
57,PN-10015,2677
58,PN-10015,0
59,PN-10015,0
60,PN-10015,0
61,PN-10015,495
62,PN-10015,653
63,PN-10015,0
64,PN-10015,0
65,PN-10015,553
66,PN-10015,832
67,PN-10015,0
68,PN-10015,2172
69,PN-10015,0
70,PN-10015,0
71,PN-10015,1612
72,PN-10015,0
73,PN-10015,892
74,PN-10015,0
75,PN-10015,0
76,PN-10015,0
77,PN-10015,0
78,PN-10015,591
79,PN-10015,0
80,PN-10015,0
81,PN-10015,0
82,PN-10015,0
83,PN-10015,1768
84,PN-10015,0
85,PN-10015,0
86,PN-10015,0
87,PN-10015,0
88,PN-10015,0
89,PN-10015,207
90,PN-10015,0
91,PN-10015,0
92,PN-10015,0
93,PN-10015,0
94,PN-10015,0
95,PN-10015,0
96,PN-10015,0
97,PN-10015,0
98,PN-10015,719
99,PN-10015,0
100,PN-10015,0
101,PN-10015,0
102,PN-10015,0
103,PN-10015,0
104,PN-10015,0
1,PN-10016,20
2,PN-10016,17
3,PN-10016,17
4,PN-10016,21
5,PN-10016,18
6,PN-10016,18
7,PN-10016,17
8,PN-10016,22
9,PN-10016,19
10,PN-10016,19
11,PN-10016,22
12,PN-10016,20
13,PN-10016,20
14,PN-10016,23
15,PN-10016,24
16,PN-10016,21
17,PN-10016,22
18,PN-10016,19
19,PN-10016,18
20,PN-10016,24
21,PN-10016,22
22,PN-10016,22
23,PN-10016,21
24,PN-10016,20
25,PN-10016,23
26,PN-10016,25
27,PN-10016,25
28,PN-10016,22
29,PN-10016,28
30,PN-10016,23
31,PN-10016,24
32,PN-10016,23
33,PN-10016,22
34,PN-10016,18
35,PN-10016,23
36,PN-10016,31
37,PN-10016,19
38,PN-10016,21
39,PN-10016,20
40,PN-10016,20
41,PN-10016,29
42,PN-10016,20
43,PN-10016,21
44,PN-10016,16
45,PN-10016,19
46,PN-10016,15
47,PN-10016,23
48,PN-10016,31
49,PN-10016,19
50,PN-10016,15
51,PN-10016,25
52,PN-10016,19
53,PN-10016,28
54,PN-10016,22
55,PN-10016,20
56,PN-10016,22
57,PN-10016,26
58,PN-10016,21
59,PN-10016,20
60,PN-10016,21
61,PN-10016,16
62,PN-10016,23
63,PN-10016,15
64,PN-10016,20
65,PN-10016,25
66,PN-10016,24
67,PN-10016,26
68,PN-10016,23
69,PN-10016,28
70,PN-10016,27
71,PN-10016,25
72,PN-10016,26
73,PN-10016,25
74,PN-10016,20
75,PN-10016,16
76,PN-10016,23
77,PN-10016,24
78,PN-10016,27
79,PN-10016,19
80,PN-10016,20
81,PN-10016,26
82,PN-10016,23
83,PN-10016,16
84,PN-10016,25
85,PN-10016,15
86,PN-10016,18
87,PN-10016,27
88,PN-10016,29
89,PN-10016,17
90,PN-10016,21
91,PN-10016,23
92,PN-10016,31
93,PN-10016,22
94,PN-10016,22
95,PN-10016,31
96,PN-10016,22
97,PN-10016,27
98,PN-10016,17
99,PN-10016,22
100,PN-10016,16
101,PN-10016,18
102,PN-10016,26
103,PN-10016,23
104,PN-10016,22
1,PN-10017,665
2,PN-10017,752
3,PN-10017,834
4,PN-10017,929
5,PN-10017,412
6,PN-10017,651
7,PN-10017,770
8,PN-10017,721
9,PN-10017,778
10,PN-10017,759
11,PN-10017,691
12,PN-10017,675
13,PN-10017,731
14,PN-10017,945
15,PN-10017,692
16,PN-10017,796
17,PN-10017,830
18,PN-10017,1018
19,PN-10017,738
20,PN-10017,895
21,PN-10017,914
22,PN-10017,730
23,PN-10017,710
24,PN-10017,701
25,PN-10017,725
26,PN-10017,898
27,PN-10017,830
28,PN-10017,846
29,PN-10017,653
30,PN-10017,675
31,PN-10017,1121
32,PN-10017,768
33,PN-10017,669
34,PN-10017,958
35,PN-10017,791
36,PN-10017,830
37,PN-10017,741
38,PN-10017,730
39,PN-10017,768
40,PN-10017,609
41,PN-10017,812
42,PN-10017,877
43,PN-10017,1109
44,PN-10017,835
45,PN-10017,468
46,PN-10017,778
47,PN-10017,1159
48,PN-10017,887
49,PN-10017,654
50,PN-10017,856
51,PN-10017,683
52,PN-10017,610
53,PN-10017,773
54,PN-10017,853
55,PN-10017,562
56,PN-10017,671
57,PN-10017,838
58,PN-10017,762
59,PN-10017,862
60,PN-10017,618
61,PN-10017,882
62,PN-10017,614
63,PN-10017,1020
64,PN-10017,554
65,PN-10017,659
66,PN-10017,902
67,PN-10017,1109
68,PN-10017,910
69,PN-10017,947
70,PN-10017,854
71,PN-10017,682
72,PN-10017,747
73,PN-10017,629
74,PN-10017,612
75,PN-10017,852
76,PN-10017,640
77,PN-10017,863
78,PN-10017,639
79,PN-10017,899
80,PN-10017,791
81,PN-10017,1097
82,PN-10017,925
83,PN-10017,1057
84,PN-10017,734
85,PN-10017,842
86,PN-10017,674
87,PN-10017,749
88,PN-10017,770
89,PN-10017,709
90,PN-10017,649
91,PN-10017,633
92,PN-10017,502
93,PN-10017,714
94,PN-10017,990
95,PN-10017,633
96,PN-10017,663
97,PN-10017,1143
98,PN-10017,750
99,PN-10017,881
100,PN-10017,919
101,PN-10017,920
102,PN-10017,602
103,PN-10017,809
104,PN-10017,611
1,PN-10018,158
2,PN-10018,10
3,PN-10018,5
4,PN-10018,160
5,PN-10018,7
6,PN-10018,24
7,PN-10018,16
8,PN-10018,41
9,PN-10018,22
10,PN-10018,50
11,PN-10018,59
12,PN-10018,6
13,PN-10018,14
14,PN-10018,57
15,PN-10018,74
16,PN-10018,39
17,PN-10018,47
18,PN-10018,95
19,PN-10018,23
20,PN-10018,36
21,PN-10018,76
22,PN-10018,79
23,PN-10018,28
24,PN-10018,14
25,PN-10018,29
26,PN-10018,32
27,PN-10018,15
28,PN-10018,17
29,PN-10018,88
30,PN-10018,50
31,PN-10018,26
32,PN-10018,11
33,PN-10018,17
34,PN-10018,5
35,PN-10018,37
36,PN-10018,16
37,PN-10018,40
38,PN-10018,56
39,PN-10018,42
40,PN-10018,23
41,PN-10018,15
42,PN-10018,10
43,PN-10018,83
44,PN-10018,42
45,PN-10018,24
46,PN-10018,52
47,PN-10018,68
48,PN-10018,16
49,PN-10018,38
50,PN-10018,39
51,PN-10018,91
52,PN-10018,24
53,PN-10018,14
54,PN-10018,46
55,PN-10018,59
56,PN-10018,39
57,PN-10018,101
58,PN-10018,24
59,PN-10018,38
60,PN-10018,7
61,PN-10018,13
62,PN-10018,17
63,PN-10018,27
64,PN-10018,8
65,PN-10018,53
66,PN-10018,16
67,PN-10018,154
68,PN-10018,17
69,PN-10018,37
70,PN-10018,33
71,PN-10018,12
72,PN-10018,28
73,PN-10018,27
74,PN-10018,64
75,PN-10018,44
76,PN-10018,51
77,PN-10018,65
78,PN-10018,54
79,PN-10018,42
80,PN-10018,18
81,PN-10018,41
82,PN-10018,15
83,PN-10018,32
84,PN-10018,28
85,PN-10018,29
86,PN-10018,9
87,PN-10018,0
88,PN-10018,22
89,PN-10018,76
90,PN-10018,36
91,PN-10018,75
92,PN-10018,15
93,PN-10018,23
94,PN-10018,167
95,PN-10018,16
96,PN-10018,55
97,PN-10018,54
98,PN-10018,49
99,PN-10018,53
100,PN-10018,15
101,PN-10018,24
102,PN-10018,98
103,PN-10018,53
104,PN-10018,18
1,PN-10019,5
2,PN-10019,5
3,PN-10019,7
4,PN-10019,6
5,PN-10019,5
6,PN-10019,5
7,PN-10019,5
8,PN-10019,6
9,PN-10019,4
10,PN-10019,5
11,PN-10019,6
12,PN-10019,5
13,PN-10019,6
14,PN-10019,5
15,PN-10019,5
16,PN-10019,5
17,PN-10019,7
18,PN-10019,5
19,PN-10019,6
20,PN-10019,5
21,PN-10019,4
22,PN-10019,5
23,PN-10019,6
24,PN-10019,5
25,PN-10019,4
26,PN-10019,6
27,PN-10019,5
28,PN-10019,9
29,PN-10019,6
30,PN-10019,5
31,PN-10019,7
32,PN-10019,4
33,PN-10019,6
34,PN-10019,7
35,PN-10019,5
36,PN-10019,4
37,PN-10019,5
38,PN-10019,7
39,PN-10019,6
40,PN-10019,5
41,PN-10019,5
42,PN-10019,5
43,PN-10019,6
44,PN-10019,7
45,PN-10019,7
46,PN-10019,6
47,PN-10019,4
48,PN-10019,4
49,PN-10019,6
50,PN-10019,4
51,PN-10019,5
52,PN-10019,6
53,PN-10019,5
54,PN-10019,5
55,PN-10019,6
56,PN-10019,6
57,PN-10019,7
58,PN-10019,6
59,PN-10019,6
60,PN-10019,5
61,PN-10019,4
62,PN-10019,5
63,PN-10019,6
64,PN-10019,6
65,PN-10019,4
66,PN-10019,5
67,PN-10019,7
68,PN-10019,6
69,PN-10019,4
70,PN-10019,8
71,PN-10019,6
72,PN-10019,6
73,PN-10019,6
74,PN-10019,5
75,PN-10019,5
76,PN-10019,8
77,PN-10019,7
78,PN-10019,7
79,PN-10019,7
80,PN-10019,5
81,PN-10019,7
82,PN-10019,5
83,PN-10019,6
84,PN-10019,4
85,PN-10019,4
86,PN-10019,6
87,PN-10019,5
88,PN-10019,4
89,PN-10019,6
90,PN-10019,8
91,PN-10019,7
92,PN-10019,6
93,PN-10019,6
94,PN-10019,7
95,PN-10019,7
96,PN-10019,6
97,PN-10019,6
98,PN-10019,6
99,PN-10019,6
100,PN-10019,6
101,PN-10019,6
102,PN-10019,7
103,PN-10019,7
104,PN-10019,7
1,PN-10020,1822
2,PN-10020,1753
3,PN-10020,4161
4,PN-10020,274
5,PN-10020,751
6,PN-10020,272
7,PN-10020,1254
8,PN-10020,185
9,PN-10020,1269
10,PN-10020,595
11,PN-10020,470
12,PN-10020,529
13,PN-10020,157
14,PN-10020,177
15,PN-10020,666
16,PN-10020,668
17,PN-10020,299
18,PN-10020,428
19,PN-10020,803
20,PN-10020,236
21,PN-10020,59
22,PN-10020,1546
23,PN-10020,652
24,PN-10020,329
25,PN-10020,269
26,PN-10020,239
27,PN-10020,1331
28,PN-10020,136
29,PN-10020,787
30,PN-10020,785
31,PN-10020,1030
32,PN-10020,383
33,PN-10020,1525
34,PN-10020,993
35,PN-10020,352
36,PN-10020,254
37,PN-10020,465
38,PN-10020,350
39,PN-10020,225
40,PN-10020,597
41,PN-10020,447
42,PN-10020,1926
43,PN-10020,376
44,PN-10020,276
45,PN-10020,562
46,PN-10020,681
47,PN-10020,712
48,PN-10020,698
49,PN-10020,549
50,PN-10020,520
51,PN-10020,896
52,PN-10020,207
53,PN-10020,278
54,PN-10020,100
55,PN-10020,221
56,PN-10020,1310
57,PN-10020,920
58,PN-10020,2086
59,PN-10020,1702
60,PN-10020,875
61,PN-10020,615
62,PN-10020,552
63,PN-10020,34
64,PN-10020,514
65,PN-10020,328
66,PN-10020,230
67,PN-10020,828
68,PN-10020,495
69,PN-10020,641
70,PN-10020,198
71,PN-10020,1126
72,PN-10020,369
73,PN-10020,747
74,PN-10020,387
75,PN-10020,24
76,PN-10020,803
77,PN-10020,497
78,PN-10020,90
79,PN-10020,172
80,PN-10020,1195
81,PN-10020,101
82,PN-10020,383
83,PN-10020,2335
84,PN-10020,870
85,PN-10020,1028
86,PN-10020,434
87,PN-10020,77
88,PN-10020,653
89,PN-10020,178
90,PN-10020,162
91,PN-10020,620
92,PN-10020,205
93,PN-10020,582
94,PN-10020,310
95,PN-10020,569
96,PN-10020,362
97,PN-10020,567
98,PN-10020,1684
99,PN-10020,1045
100,PN-10020,489
101,PN-10020,1445
102,PN-10020,780
103,PN-10020,1409
104,PN-10020,115
1,PN-10021,60
2,PN-10021,84
3,PN-10021,77
4,PN-10021,56
5,PN-10021,71
6,PN-10021,53
7,PN-10021,70
8,PN-10021,49
9,PN-10021,75
10,PN-10021,73
11,PN-10021,93
12,PN-10021,81
13,PN-10021,67
14,PN-10021,85
15,PN-10021,56
16,PN-10021,63
17,PN-10021,81
18,PN-10021,46
19,PN-10021,73
20,PN-10021,59
21,PN-10021,72
22,PN-10021,56
23,PN-10021,75
24,PN-10021,71
25,PN-10021,90
26,PN-10021,74
27,PN-10021,65
28,PN-10021,73
29,PN-10021,59
30,PN-10021,83
31,PN-10021,85
32,PN-10021,108
33,PN-10021,65
34,PN-10021,69
35,PN-10021,64
36,PN-10021,74
37,PN-10021,77
38,PN-10021,73
39,PN-10021,90
40,PN-10021,68
41,PN-10021,92
42,PN-10021,86
43,PN-10021,79
44,PN-10021,73
45,PN-10021,110
46,PN-10021,64
47,PN-10021,77
48,PN-10021,63
49,PN-10021,96
50,PN-10021,85
51,PN-10021,65
52,PN-10021,83
53,PN-10021,82
54,PN-10021,72
55,PN-10021,91
56,PN-10021,86
57,PN-10021,82
58,PN-10021,77
59,PN-10021,82
60,PN-10021,78
61,PN-10021,75
62,PN-10021,65
63,PN-10021,97
64,PN-10021,62
65,PN-10021,84
66,PN-10021,75
67,PN-10021,106
68,PN-10021,68
69,PN-10021,71
70,PN-10021,66
71,PN-10021,84
72,PN-10021,58
73,PN-10021,70
74,PN-10021,46
75,PN-10021,78
76,PN-10021,69
77,PN-10021,57
78,PN-10021,94
79,PN-10021,62
80,PN-10021,94
81,PN-10021,72
82,PN-10021,107
83,PN-10021,93
84,PN-10021,66
85,PN-10021,66
86,PN-10021,86
87,PN-10021,73
88,PN-10021,74
89,PN-10021,95
90,PN-10021,68
91,PN-10021,82
92,PN-10021,96
93,PN-10021,96
94,PN-10021,82
95,PN-10021,80
96,PN-10021,57
97,PN-10021,66
98,PN-10021,85
99,PN-10021,77
100,PN-10021,79
101,PN-10021,92
102,PN-10021,62
103,PN-10021,76
104,PN-10021,84
1,PN-10022,95
2,PN-10022,400
3,PN-10022,709
4,PN-10022,196
5,PN-10022,76
6,PN-10022,58
7,PN-10022,424
8,PN-10022,17
9,PN-10022,288
10,PN-10022,204
11,PN-10022,396
12,PN-10022,94
13,PN-10022,680
14,PN-10022,265
15,PN-10022,374
16,PN-10022,339
17,PN-10022,263
18,PN-10022,301
19,PN-10022,328
20,PN-10022,75
21,PN-10022,170
22,PN-10022,240
23,PN-10022,414
24,PN-10022,74
25,PN-10022,120
26,PN-10022,140
27,PN-10022,226
28,PN-10022,154
29,PN-10022,311
30,PN-10022,25
31,PN-10022,171
32,PN-10022,614
33,PN-10022,148
34,PN-10022,259
35,PN-10022,374
36,PN-10022,248
37,PN-10022,720
38,PN-10022,201
39,PN-10022,313
40,PN-10022,239
41,PN-10022,547
42,PN-10022,138
43,PN-10022,834
44,PN-10022,106
45,PN-10022,669
46,PN-10022,69
47,PN-10022,314
48,PN-10022,184
49,PN-10022,374
50,PN-10022,268
51,PN-10022,369
52,PN-10022,67
53,PN-10022,32
54,PN-10022,58
55,PN-10022,57
56,PN-10022,70
57,PN-10022,115
58,PN-10022,112
59,PN-10022,198
60,PN-10022,84
61,PN-10022,90
62,PN-10022,157
63,PN-10022,426
64,PN-10022,131
65,PN-10022,190
66,PN-10022,223
67,PN-10022,80
68,PN-10022,154
69,PN-10022,108
70,PN-10022,427
71,PN-10022,394
72,PN-10022,92
73,PN-10022,183
74,PN-10022,314
75,PN-10022,251
76,PN-10022,276
77,PN-10022,77
78,PN-10022,673
79,PN-10022,115
80,PN-10022,114
81,PN-10022,52
82,PN-10022,183
83,PN-10022,506
84,PN-10022,266
85,PN-10022,186
86,PN-10022,364
87,PN-10022,464
88,PN-10022,380
89,PN-10022,20
90,PN-10022,372
91,PN-10022,302
92,PN-10022,95
93,PN-10022,315
94,PN-10022,521
95,PN-10022,125
96,PN-10022,436
97,PN-10022,276
98,PN-10022,1
99,PN-10022,199
100,PN-10022,254
101,PN-10022,152
102,PN-10022,273
103,PN-10022,183
104,PN-10022,992
1,PN-10023,470
2,PN-10023,514
3,PN-10023,447
4,PN-10023,603
5,PN-10023,588
6,PN-10023,499
7,PN-10023,468
8,PN-10023,473
9,PN-10023,467
10,PN-10023,469
11,PN-10023,464
12,PN-10023,512
13,PN-10023,570
14,PN-10023,401
15,PN-10023,425
16,PN-10023,362
17,PN-10023,611
18,PN-10023,546
19,PN-10023,559
20,PN-10023,372
21,PN-10023,650
22,PN-10023,432
23,PN-10023,500
24,PN-10023,565
25,PN-10023,411
26,PN-10023,461
27,PN-10023,541
28,PN-10023,807
29,PN-10023,567
30,PN-10023,693
31,PN-10023,647
32,PN-10023,556
33,PN-10023,420
34,PN-10023,596
35,PN-10023,361
36,PN-10023,637
37,PN-10023,517
38,PN-10023,266
39,PN-10023,489
40,PN-10023,596
41,PN-10023,519
42,PN-10023,618
43,PN-10023,463
44,PN-10023,414
45,PN-10023,524
46,PN-10023,523
47,PN-10023,478
48,PN-10023,615
49,PN-10023,426
50,PN-10023,537
51,PN-10023,524
52,PN-10023,381
53,PN-10023,413
54,PN-10023,553
55,PN-10023,755
56,PN-10023,614
57,PN-10023,379
58,PN-10023,238
59,PN-10023,599
60,PN-10023,510
61,PN-10023,619
62,PN-10023,431
63,PN-10023,550
64,PN-10023,607
65,PN-10023,496
66,PN-10023,509
67,PN-10023,564
68,PN-10023,621
69,PN-10023,564
70,PN-10023,657
71,PN-10023,504
72,PN-10023,410
73,PN-10023,717
74,PN-10023,466
75,PN-10023,468
76,PN-10023,521
77,PN-10023,543
78,PN-10023,510
79,PN-10023,559
80,PN-10023,566
81,PN-10023,593
82,PN-10023,331
83,PN-10023,761
84,PN-10023,544
85,PN-10023,605
86,PN-10023,404
87,PN-10023,487
88,PN-10023,467
89,PN-10023,678
90,PN-10023,488
91,PN-10023,634
92,PN-10023,503
93,PN-10023,532
94,PN-10023,559
95,PN-10023,718
96,PN-10023,381
97,PN-10023,433
98,PN-10023,362
99,PN-10023,440
100,PN-10023,462
101,PN-10023,383
102,PN-10023,473
103,PN-10023,354
104,PN-10023,463
1,PN-10024,10
2,PN-10024,9
3,PN-10024,8
4,PN-10024,7
5,PN-10024,6
6,PN-10024,6
7,PN-10024,8
8,PN-10024,9
9,PN-10024,9
10,PN-10024,8
11,PN-10024,7
12,PN-10024,8
13,PN-10024,7
14,PN-10024,8
15,PN-10024,11
16,PN-10024,6
17,PN-10024,8
18,PN-10024,10
19,PN-10024,6
20,PN-10024,7
21,PN-10024,7
22,PN-10024,7
23,PN-10024,5
24,PN-10024,8
25,PN-10024,9
26,PN-10024,9
27,PN-10024,7
28,PN-10024,8
29,PN-10024,7
30,PN-10024,8
31,PN-10024,12
32,PN-10024,8
33,PN-10024,6
34,PN-10024,8
35,PN-10024,6
36,PN-10024,6
37,PN-10024,6
38,PN-10024,7
39,PN-10024,10
40,PN-10024,9
41,PN-10024,9
42,PN-10024,7
43,PN-10024,8
44,PN-10024,9
45,PN-10024,7
46,PN-10024,8
47,PN-10024,9
48,PN-10024,7
49,PN-10024,8
50,PN-10024,10
51,PN-10024,8
52,PN-10024,10
53,PN-10024,9
54,PN-10024,6
55,PN-10024,7
56,PN-10024,7
57,PN-10024,7
58,PN-10024,8
59,PN-10024,9
60,PN-10024,10
61,PN-10024,8
62,PN-10024,7
63,PN-10024,5
64,PN-10024,8
65,PN-10024,8
66,PN-10024,9
67,PN-10024,12
68,PN-10024,11
69,PN-10024,10
70,PN-10024,7
71,PN-10024,8
72,PN-10024,8
73,PN-10024,7
74,PN-10024,9
75,PN-10024,9
76,PN-10024,7
77,PN-10024,10
78,PN-10024,9
79,PN-10024,6
80,PN-10024,9
81,PN-10024,9
82,PN-10024,11
83,PN-10024,8
84,PN-10024,10
85,PN-10024,9
86,PN-10024,6
87,PN-10024,6
88,PN-10024,10
89,PN-10024,10
90,PN-10024,9
91,PN-10024,11
92,PN-10024,11
93,PN-10024,10
94,PN-10024,8
95,PN-10024,12
96,PN-10024,10
97,PN-10024,8
98,PN-10024,8
99,PN-10024,9
100,PN-10024,6
101,PN-10024,10
102,PN-10024,7
103,PN-10024,9
104,PN-10024,8
1,PN-10025,262
2,PN-10025,0
3,PN-10025,0
4,PN-10025,0
5,PN-10025,0
6,PN-10025,108
7,PN-10025,0
8,PN-10025,106
9,PN-10025,0
10,PN-10025,0
11,PN-10025,0
12,PN-10025,0
13,PN-10025,59
14,PN-10025,0
15,PN-10025,365
16,PN-10025,0
17,PN-10025,0
18,PN-10025,197
19,PN-10025,0
20,PN-10025,0
21,PN-10025,170
22,PN-10025,0
23,PN-10025,0
24,PN-10025,0
25,PN-10025,0
26,PN-10025,0
27,PN-10025,228
28,PN-10025,0
29,PN-10025,0
30,PN-10025,0
31,PN-10025,0
32,PN-10025,0
33,PN-10025,0
34,PN-10025,0
35,PN-10025,0
36,PN-10025,0
37,PN-10025,0
38,PN-10025,0
39,PN-10025,124
40,PN-10025,85
41,PN-10025,0
42,PN-10025,0
43,PN-10025,0
44,PN-10025,49
45,PN-10025,112
46,PN-10025,0
47,PN-10025,0
48,PN-10025,65
49,PN-10025,0
50,PN-10025,0
51,PN-10025,0
52,PN-10025,310
53,PN-10025,0
54,PN-10025,0
55,PN-10025,0
56,PN-10025,186
57,PN-10025,0
58,PN-10025,0
59,PN-10025,0
60,PN-10025,0
61,PN-10025,0
62,PN-10025,0
63,PN-10025,217
64,PN-10025,0
65,PN-10025,79
66,PN-10025,0
67,PN-10025,0
68,PN-10025,20
69,PN-10025,67
70,PN-10025,111
71,PN-10025,0
72,PN-10025,0
73,PN-10025,0
74,PN-10025,42
75,PN-10025,158
76,PN-10025,166
77,PN-10025,0
78,PN-10025,0
79,PN-10025,0
80,PN-10025,0
81,PN-10025,0
82,PN-10025,0
83,PN-10025,0
84,PN-10025,0
85,PN-10025,0
86,PN-10025,0
87,PN-10025,60
88,PN-10025,0
89,PN-10025,173
90,PN-10025,0
91,PN-10025,155
92,PN-10025,158
93,PN-10025,97
94,PN-10025,0
95,PN-10025,0
96,PN-10025,0
97,PN-10025,0
98,PN-10025,0
99,PN-10025,0
100,PN-10025,62
101,PN-10025,0
102,PN-10025,0
103,PN-10025,0
104,PN-10025,0
1,PN-10026,28
2,PN-10026,37
3,PN-10026,38
4,PN-10026,37
5,PN-10026,33
6,PN-10026,22
7,PN-10026,30
8,PN-10026,21
9,PN-10026,20
10,PN-10026,28
11,PN-10026,30
12,PN-10026,32
13,PN-10026,31
14,PN-10026,32
15,PN-10026,24
16,PN-10026,29
17,PN-10026,22
18,PN-10026,19
19,PN-10026,33
20,PN-10026,24
21,PN-10026,32
22,PN-10026,33
23,PN-10026,24
24,PN-10026,31
25,PN-10026,25
26,PN-10026,19
27,PN-10026,30
28,PN-10026,28
29,PN-10026,28
30,PN-10026,41
31,PN-10026,22
32,PN-10026,31
33,PN-10026,24
34,PN-10026,33
35,PN-10026,29
36,PN-10026,30
37,PN-10026,23
38,PN-10026,25
39,PN-10026,34
40,PN-10026,40
41,PN-10026,33
42,PN-10026,26
43,PN-10026,33
44,PN-10026,44
45,PN-10026,31
46,PN-10026,37
47,PN-10026,25
48,PN-10026,28
49,PN-10026,32
50,PN-10026,31
51,PN-10026,25
52,PN-10026,26
53,PN-10026,36
54,PN-10026,38
55,PN-10026,40
56,PN-10026,42
57,PN-10026,32
58,PN-10026,29
59,PN-10026,37
60,PN-10026,33
61,PN-10026,24
62,PN-10026,24
63,PN-10026,32
64,PN-10026,29
65,PN-10026,30
66,PN-10026,37
67,PN-10026,36
68,PN-10026,40
69,PN-10026,21
70,PN-10026,33
71,PN-10026,35
72,PN-10026,22
73,PN-10026,26
74,PN-10026,25
75,PN-10026,30
76,PN-10026,38
77,PN-10026,41
78,PN-10026,26
79,PN-10026,35
80,PN-10026,35
81,PN-10026,35
82,PN-10026,35
83,PN-10026,34
84,PN-10026,41
85,PN-10026,37
86,PN-10026,25
87,PN-10026,34
88,PN-10026,35
89,PN-10026,32
90,PN-10026,37
91,PN-10026,33
92,PN-10026,33
93,PN-10026,33
94,PN-10026,21
95,PN-10026,32
96,PN-10026,29
97,PN-10026,25
98,PN-10026,40
99,PN-10026,34
100,PN-10026,30
101,PN-10026,27
102,PN-10026,32
103,PN-10026,37
104,PN-10026,27
1,PN-10027,16
2,PN-10027,18
3,PN-10027,11
4,PN-10027,16
5,PN-10027,15
6,PN-10027,15
7,PN-10027,14
8,PN-10027,15
9,PN-10027,20
10,PN-10027,14
11,PN-10027,16
12,PN-10027,21
13,PN-10027,14
14,PN-10027,21
15,PN-10027,16
16,PN-10027,22
17,PN-10027,19
18,PN-10027,17
19,PN-10027,16
20,PN-10027,14
21,PN-10027,15
22,PN-10027,18
23,PN-10027,15
24,PN-10027,14
25,PN-10027,15
26,PN-10027,19
27,PN-10027,20
28,PN-10027,15
29,PN-10027,15
30,PN-10027,18
31,PN-10027,21
32,PN-10027,20
33,PN-10027,12
34,PN-10027,15
35,PN-10027,13
36,PN-10027,15
37,PN-10027,20
38,PN-10027,12
39,PN-10027,11
40,PN-10027,14
41,PN-10027,18
42,PN-10027,19
43,PN-10027,18
44,PN-10027,20
45,PN-10027,11
46,PN-10027,20
47,PN-10027,15
48,PN-10027,18
49,PN-10027,12
50,PN-10027,16
51,PN-10027,17
52,PN-10027,20
53,PN-10027,12
54,PN-10027,17
55,PN-10027,14
56,PN-10027,19
57,PN-10027,19
58,PN-10027,21
59,PN-10027,15
60,PN-10027,19
61,PN-10027,20
62,PN-10027,11
63,PN-10027,18
64,PN-10027,19
65,PN-10027,16
66,PN-10027,13
67,PN-10027,20
68,PN-10027,14
69,PN-10027,17
70,PN-10027,17
71,PN-10027,19
72,PN-10027,15
73,PN-10027,14
74,PN-10027,17
75,PN-10027,19
76,PN-10027,23
77,PN-10027,12
78,PN-10027,18
79,PN-10027,14
80,PN-10027,21
81,PN-10027,15
82,PN-10027,16
83,PN-10027,16
84,PN-10027,17
85,PN-10027,18
86,PN-10027,18
87,PN-10027,16
88,PN-10027,13
89,PN-10027,19
90,PN-10027,17
91,PN-10027,21
92,PN-10027,15
93,PN-10027,13
94,PN-10027,18
95,PN-10027,22
96,PN-10027,18
97,PN-10027,17
98,PN-10027,15
99,PN-10027,22
100,PN-10027,14
101,PN-10027,15
102,PN-10027,19
103,PN-10027,11
104,PN-10027,22
1,PN-10028,39
2,PN-10028,38
3,PN-10028,8
4,PN-10028,9
5,PN-10028,46
6,PN-10028,32
7,PN-10028,17
8,PN-10028,33
9,PN-10028,28
10,PN-10028,9
11,PN-10028,45
12,PN-10028,39
13,PN-10028,24
14,PN-10028,46
15,PN-10028,94
16,PN-10028,9
17,PN-10028,19
18,PN-10028,20
19,PN-10028,45
20,PN-10028,13
21,PN-10028,41
22,PN-10028,14
23,PN-10028,7
24,PN-10028,24
25,PN-10028,14
26,PN-10028,28
27,PN-10028,34
28,PN-10028,4
29,PN-10028,17
30,PN-10028,27
31,PN-10028,47
32,PN-10028,42
33,PN-10028,11
34,PN-10028,20
35,PN-10028,34
36,PN-10028,19
37,PN-10028,11
38,PN-10028,23
39,PN-10028,33
40,PN-10028,10
41,PN-10028,40
42,PN-10028,29
43,PN-10028,42
44,PN-10028,24
45,PN-10028,85
46,PN-10028,32
47,PN-10028,43
48,PN-10028,37
49,PN-10028,20
50,PN-10028,29
51,PN-10028,14
52,PN-10028,80
53,PN-10028,37
54,PN-10028,12
55,PN-10028,71
56,PN-10028,23
57,PN-10028,51
58,PN-10028,4
59,PN-10028,59
60,PN-10028,34
61,PN-10028,10
62,PN-10028,33
63,PN-10028,73
64,PN-10028,14
65,PN-10028,15
66,PN-10028,22
67,PN-10028,28
68,PN-10028,55
69,PN-10028,39
70,PN-10028,22
71,PN-10028,33
72,PN-10028,85
73,PN-10028,41
74,PN-10028,23
75,PN-10028,20
76,PN-10028,30
77,PN-10028,52
78,PN-10028,13
79,PN-10028,49
80,PN-10028,24
81,PN-10028,28
82,PN-10028,144
83,PN-10028,45
84,PN-10028,16
85,PN-10028,36
86,PN-10028,54
87,PN-10028,43
88,PN-10028,2
89,PN-10028,25
90,PN-10028,37
91,PN-10028,35
92,PN-10028,18
93,PN-10028,47
94,PN-10028,65
95,PN-10028,5
96,PN-10028,4
97,PN-10028,37
98,PN-10028,48
99,PN-10028,15
100,PN-10028,2
101,PN-10028,25
102,PN-10028,35
103,PN-10028,20
104,PN-10028,58
1,PN-10029,0
2,PN-10029,0
3,PN-10029,0
4,PN-10029,0
5,PN-10029,0
6,PN-10029,57
7,PN-10029,0
8,PN-10029,0
9,PN-10029,99
10,PN-10029,0
11,PN-10029,0
12,PN-10029,0
13,PN-10029,0
14,PN-10029,0
15,PN-10029,38
16,PN-10029,0
17,PN-10029,0
18,PN-10029,0
19,PN-10029,0
20,PN-10029,0
21,PN-10029,230
22,PN-10029,0
23,PN-10029,118
24,PN-10029,0
25,PN-10029,98
26,PN-10029,0
27,PN-10029,0
28,PN-10029,0
29,PN-10029,149
30,PN-10029,0
31,PN-10029,0
32,PN-10029,0
33,PN-10029,63
34,PN-10029,0
35,PN-10029,0
36,PN-10029,0
37,PN-10029,70
38,PN-10029,0
39,PN-10029,0
40,PN-10029,114
41,PN-10029,0
42,PN-10029,0
43,PN-10029,0
44,PN-10029,0
45,PN-10029,163
46,PN-10029,165
47,PN-10029,0
48,PN-10029,0
49,PN-10029,0
50,PN-10029,57
51,PN-10029,103
52,PN-10029,86
53,PN-10029,0
54,PN-10029,0
55,PN-10029,0
56,PN-10029,0
57,PN-10029,168
58,PN-10029,0
59,PN-10029,130
60,PN-10029,0
61,PN-10029,0
62,PN-10029,0
63,PN-10029,0
64,PN-10029,0
65,PN-10029,0
66,PN-10029,81
67,PN-10029,70
68,PN-10029,0
69,PN-10029,83
70,PN-10029,132
71,PN-10029,222
72,PN-10029,115
73,PN-10029,0
74,PN-10029,0
75,PN-10029,103
76,PN-10029,0
77,PN-10029,373
78,PN-10029,0
79,PN-10029,73
80,PN-10029,0
81,PN-10029,0
82,PN-10029,0
83,PN-10029,17
84,PN-10029,28
85,PN-10029,93
86,PN-10029,0
87,PN-10029,121
88,PN-10029,0
89,PN-10029,0
90,PN-10029,0
91,PN-10029,0
92,PN-10029,68
93,PN-10029,0
94,PN-10029,20
95,PN-10029,0
96,PN-10029,0
97,PN-10029,267
98,PN-10029,0
99,PN-10029,85
100,PN-10029,106
101,PN-10029,0
102,PN-10029,0
103,PN-10029,0
104,PN-10029,0
1,PN-10030,225
2,PN-10030,337
3,PN-10030,258
4,PN-10030,302
5,PN-10030,147
6,PN-10030,286
7,PN-10030,246
8,PN-10030,227
9,PN-10030,254
10,PN-10030,223
11,PN-10030,153
12,PN-10030,295
13,PN-10030,270
14,PN-10030,250
15,PN-10030,223
16,PN-10030,201
17,PN-10030,283
18,PN-10030,348
19,PN-10030,274
20,PN-10030,194
21,PN-10030,264
22,PN-10030,248
23,PN-10030,289
24,PN-10030,280
25,PN-10030,119
26,PN-10030,290
27,PN-10030,221
28,PN-10030,205
29,PN-10030,268
30,PN-10030,298
31,PN-10030,193
32,PN-10030,303
33,PN-10030,300
34,PN-10030,261
35,PN-10030,215
36,PN-10030,210
37,PN-10030,305
38,PN-10030,191
39,PN-10030,320
40,PN-10030,267
41,PN-10030,275
42,PN-10030,196
43,PN-10030,275
44,PN-10030,310
45,PN-10030,208
46,PN-10030,292
47,PN-10030,267
48,PN-10030,230
49,PN-10030,300
50,PN-10030,158
51,PN-10030,284
52,PN-10030,353
53,PN-10030,352
54,PN-10030,305
55,PN-10030,272
56,PN-10030,254
57,PN-10030,268
58,PN-10030,306
59,PN-10030,233
60,PN-10030,304
61,PN-10030,367
62,PN-10030,262
63,PN-10030,202
64,PN-10030,206
65,PN-10030,317
66,PN-10030,281
67,PN-10030,335
68,PN-10030,264
69,PN-10030,335
70,PN-10030,280
71,PN-10030,246
72,PN-10030,258
73,PN-10030,214
74,PN-10030,366
75,PN-10030,265
76,PN-10030,303
77,PN-10030,250
78,PN-10030,229
79,PN-10030,277
80,PN-10030,352
81,PN-10030,269
82,PN-10030,250
83,PN-10030,301
84,PN-10030,314
85,PN-10030,366
86,PN-10030,295
87,PN-10030,306
88,PN-10030,309
89,PN-10030,219
90,PN-10030,233
91,PN-10030,232
92,PN-10030,224
93,PN-10030,342
94,PN-10030,317
95,PN-10030,305
96,PN-10030,159
97,PN-10030,401
98,PN-10030,241
99,PN-10030,386
100,PN-10030,206
101,PN-10030,238
102,PN-10030,170
103,PN-10030,305
104,PN-10030,235
1,PN-10031,8
2,PN-10031,46
3,PN-10031,90
4,PN-10031,30
5,PN-10031,18
6,PN-10031,35
7,PN-10031,51
8,PN-10031,50
9,PN-10031,17
10,PN-10031,13
11,PN-10031,30
12,PN-10031,18
13,PN-10031,64
14,PN-10031,19
15,PN-10031,28
16,PN-10031,36
17,PN-10031,6
18,PN-10031,16
19,PN-10031,98
20,PN-10031,50
21,PN-10031,18
22,PN-10031,43
23,PN-10031,61
24,PN-10031,20
25,PN-10031,48
26,PN-10031,44
27,PN-10031,8
28,PN-10031,22
29,PN-10031,86
30,PN-10031,101
31,PN-10031,53
32,PN-10031,15
33,PN-10031,1
34,PN-10031,13
35,PN-10031,6
36,PN-10031,83
37,PN-10031,3
38,PN-10031,8
39,PN-10031,32
40,PN-10031,27
41,PN-10031,83
42,PN-10031,45
43,PN-10031,24
44,PN-10031,69
45,PN-10031,19
46,PN-10031,85
47,PN-10031,11
48,PN-10031,25
49,PN-10031,2
50,PN-10031,53
51,PN-10031,30
52,PN-10031,86
53,PN-10031,22
54,PN-10031,6
55,PN-10031,41
56,PN-10031,17
57,PN-10031,51
58,PN-10031,12
59,PN-10031,75
60,PN-10031,28
61,PN-10031,23
62,PN-10031,69
63,PN-10031,55
64,PN-10031,14
65,PN-10031,56
66,PN-10031,48
67,PN-10031,26
68,PN-10031,55
69,PN-10031,80
70,PN-10031,27
71,PN-10031,27
72,PN-10031,25
73,PN-10031,13
74,PN-10031,25
75,PN-10031,23
76,PN-10031,22
77,PN-10031,22
78,PN-10031,9
79,PN-10031,64
80,PN-10031,17
81,PN-10031,85
82,PN-10031,11
83,PN-10031,98
84,PN-10031,21
85,PN-10031,57
86,PN-10031,31
87,PN-10031,7
88,PN-10031,8
89,PN-10031,15
90,PN-10031,19
91,PN-10031,28
92,PN-10031,39
93,PN-10031,26
94,PN-10031,38
95,PN-10031,43
96,PN-10031,25
97,PN-10031,49
98,PN-10031,57
99,PN-10031,41
100,PN-10031,43
101,PN-10031,33
102,PN-10031,66
103,PN-10031,28
104,PN-10031,16
1,PN-10032,716
2,PN-10032,0
3,PN-10032,0
4,PN-10032,0
5,PN-10032,0
6,PN-10032,0
7,PN-10032,0
8,PN-10032,360
9,PN-10032,0
10,PN-10032,0
11,PN-10032,209
12,PN-10032,0
13,PN-10032,0
14,PN-10032,1807
15,PN-10032,0
16,PN-10032,0
17,PN-10032,0
18,PN-10032,0
19,PN-10032,0
20,PN-10032,0
21,PN-10032,0
22,PN-10032,969
23,PN-10032,898
24,PN-10032,0
25,PN-10032,0
26,PN-10032,559
27,PN-10032,0
28,PN-10032,0
29,PN-10032,0
30,PN-10032,0
31,PN-10032,0
32,PN-10032,0
33,PN-10032,0
34,PN-10032,1264
35,PN-10032,0
36,PN-10032,559
37,PN-10032,0
38,PN-10032,2523
39,PN-10032,0
40,PN-10032,0
41,PN-10032,97
42,PN-10032,0
43,PN-10032,370
44,PN-10032,0
45,PN-10032,0
46,PN-10032,0
47,PN-10032,0
48,PN-10032,0
49,PN-10032,0
50,PN-10032,0
51,PN-10032,0
52,PN-10032,0
53,PN-10032,804
54,PN-10032,0
55,PN-10032,3034
56,PN-10032,0
57,PN-10032,0
58,PN-10032,0
59,PN-10032,324
60,PN-10032,750
61,PN-10032,0
62,PN-10032,190
63,PN-10032,0
64,PN-10032,0
65,PN-10032,0
66,PN-10032,688
67,PN-10032,0
68,PN-10032,0
69,PN-10032,0
70,PN-10032,1302
71,PN-10032,143
72,PN-10032,0
73,PN-10032,0
74,PN-10032,0
75,PN-10032,903
76,PN-10032,0
77,PN-10032,558
78,PN-10032,587
79,PN-10032,0
80,PN-10032,0
81,PN-10032,962
82,PN-10032,0
83,PN-10032,602
84,PN-10032,835
85,PN-10032,0
86,PN-10032,0
87,PN-10032,0
88,PN-10032,0
89,PN-10032,1515
90,PN-10032,0
91,PN-10032,0
92,PN-10032,122
93,PN-10032,0
94,PN-10032,704
95,PN-10032,0
96,PN-10032,0
97,PN-10032,350
98,PN-10032,0
99,PN-10032,1015
100,PN-10032,0
101,PN-10032,477
102,PN-10032,235
103,PN-10032,0
104,PN-10032,0
1,PN-10033,600
2,PN-10033,300
3,PN-10033,575
4,PN-10033,327
5,PN-10033,1148
6,PN-10033,359
7,PN-10033,765
8,PN-10033,282
9,PN-10033,907
10,PN-10033,156
11,PN-10033,487
12,PN-10033,194
13,PN-10033,445
14,PN-10033,222
15,PN-10033,373
16,PN-10033,260
17,PN-10033,640
18,PN-10033,547
19,PN-10033,196
20,PN-10033,187
21,PN-10033,148
22,PN-10033,118
23,PN-10033,619
24,PN-10033,139
25,PN-10033,473
26,PN-10033,232
27,PN-10033,796
28,PN-10033,1405
29,PN-10033,3
30,PN-10033,174
31,PN-10033,238
32,PN-10033,313
33,PN-10033,290
34,PN-10033,91
35,PN-10033,1323
36,PN-10033,290
37,PN-10033,521
38,PN-10033,544
39,PN-10033,71
40,PN-10033,276
41,PN-10033,692
42,PN-10033,1092
43,PN-10033,289
44,PN-10033,92
45,PN-10033,219
46,PN-10033,264
47,PN-10033,250
48,PN-10033,151
49,PN-10033,75
50,PN-10033,115
51,PN-10033,215
52,PN-10033,668
53,PN-10033,892
54,PN-10033,430
55,PN-10033,130
56,PN-10033,244
57,PN-10033,30
58,PN-10033,1093
59,PN-10033,199
60,PN-10033,507
61,PN-10033,801
62,PN-10033,701
63,PN-10033,253
64,PN-10033,571
65,PN-10033,1281
66,PN-10033,205
67,PN-10033,78
68,PN-10033,171
69,PN-10033,580
70,PN-10033,279
71,PN-10033,360
72,PN-10033,628
73,PN-10033,156
74,PN-10033,328
75,PN-10033,225
76,PN-10033,1215
77,PN-10033,716
78,PN-10033,276
79,PN-10033,267
80,PN-10033,1424
81,PN-10033,1353
82,PN-10033,586
83,PN-10033,388
84,PN-10033,104
85,PN-10033,167
86,PN-10033,91
87,PN-10033,855
88,PN-10033,101
89,PN-10033,253
90,PN-10033,67
91,PN-10033,674
92,PN-10033,512
93,PN-10033,408
94,PN-10033,280
95,PN-10033,60
96,PN-10033,243
97,PN-10033,338
98,PN-10033,638
99,PN-10033,843
100,PN-10033,670
101,PN-10033,483
102,PN-10033,379
103,PN-10033,456
104,PN-10033,223
1,PN-10034,232
2,PN-10034,187
3,PN-10034,1033
4,PN-10034,268
5,PN-10034,15
6,PN-10034,141
7,PN-10034,162
8,PN-10034,406
9,PN-10034,272
10,PN-10034,261
11,PN-10034,550
12,PN-10034,710
13,PN-10034,372
14,PN-10034,155
15,PN-10034,162
16,PN-10034,548
17,PN-10034,163
18,PN-10034,210
19,PN-10034,141
20,PN-10034,71
21,PN-10034,924
22,PN-10034,196
23,PN-10034,614
24,PN-10034,153
25,PN-10034,115
26,PN-10034,355
27,PN-10034,494
28,PN-10034,528
29,PN-10034,194
30,PN-10034,403
31,PN-10034,136
32,PN-10034,237
33,PN-10034,169
34,PN-10034,143
35,PN-10034,233
36,PN-10034,68
37,PN-10034,442
38,PN-10034,146
39,PN-10034,445
40,PN-10034,91
41,PN-10034,155
42,PN-10034,75
43,PN-10034,71
44,PN-10034,106
45,PN-10034,92
46,PN-10034,72
47,PN-10034,218
48,PN-10034,344
49,PN-10034,358
50,PN-10034,29
51,PN-10034,170
52,PN-10034,159
53,PN-10034,628
54,PN-10034,188
55,PN-10034,221
56,PN-10034,49
57,PN-10034,105
58,PN-10034,44
59,PN-10034,239
60,PN-10034,616
61,PN-10034,101
62,PN-10034,176
63,PN-10034,91
64,PN-10034,125
65,PN-10034,248
66,PN-10034,887
67,PN-10034,641
68,PN-10034,790
69,PN-10034,486
70,PN-10034,189
71,PN-10034,164
72,PN-10034,107
73,PN-10034,176
74,PN-10034,626
75,PN-10034,620
76,PN-10034,1076
77,PN-10034,262
78,PN-10034,63
79,PN-10034,363
80,PN-10034,924
81,PN-10034,756
82,PN-10034,153
83,PN-10034,72
84,PN-10034,69
85,PN-10034,116
86,PN-10034,132
87,PN-10034,168
88,PN-10034,381
89,PN-10034,164
90,PN-10034,238
91,PN-10034,42
92,PN-10034,113
93,PN-10034,110
94,PN-10034,34
95,PN-10034,174
96,PN-10034,43
97,PN-10034,159
98,PN-10034,259
99,PN-10034,664
100,PN-10034,97
101,PN-10034,246
102,PN-10034,124
103,PN-10034,39
104,PN-10034,694
1,PN-10035,14
2,PN-10035,18
3,PN-10035,41
4,PN-10035,8
5,PN-10035,3
6,PN-10035,5
7,PN-10035,3
8,PN-10035,27
9,PN-10035,45
10,PN-10035,13
11,PN-10035,20
12,PN-10035,25
13,PN-10035,41
14,PN-10035,47
15,PN-10035,1
16,PN-10035,7
17,PN-10035,13
18,PN-10035,6
19,PN-10035,9
20,PN-10035,17
21,PN-10035,16
22,PN-10035,24
23,PN-10035,12
24,PN-10035,0
25,PN-10035,9
26,PN-10035,16
27,PN-10035,27
28,PN-10035,25
29,PN-10035,12
30,PN-10035,7
31,PN-10035,12
32,PN-10035,2
33,PN-10035,7
34,PN-10035,30
35,PN-10035,11
36,PN-10035,16
37,PN-10035,3
38,PN-10035,26
39,PN-10035,11
40,PN-10035,17
41,PN-10035,20
42,PN-10035,28
43,PN-10035,15
44,PN-10035,11
45,PN-10035,4
46,PN-10035,2
47,PN-10035,14
48,PN-10035,16
49,PN-10035,18
50,PN-10035,5
51,PN-10035,7
52,PN-10035,14
53,PN-10035,8
54,PN-10035,68
55,PN-10035,8
56,PN-10035,18
57,PN-10035,25
58,PN-10035,26
59,PN-10035,8
60,PN-10035,19
61,PN-10035,17
62,PN-10035,20
63,PN-10035,14
64,PN-10035,24
65,PN-10035,16
66,PN-10035,3
67,PN-10035,16
68,PN-10035,18
69,PN-10035,24
70,PN-10035,15
71,PN-10035,46
72,PN-10035,12
73,PN-10035,8
74,PN-10035,34
75,PN-10035,11
76,PN-10035,13
77,PN-10035,17
78,PN-10035,16
79,PN-10035,21
80,PN-10035,24
81,PN-10035,8
82,PN-10035,4
83,PN-10035,5
84,PN-10035,34
85,PN-10035,11
86,PN-10035,24
87,PN-10035,22
88,PN-10035,13
89,PN-10035,5
90,PN-10035,23
91,PN-10035,13
92,PN-10035,4
93,PN-10035,9
94,PN-10035,2
95,PN-10035,10
96,PN-10035,15
97,PN-10035,12
98,PN-10035,11
99,PN-10035,14
100,PN-10035,20
101,PN-10035,26
102,PN-10035,29
103,PN-10035,7
104,PN-10035,32
1,PN-10036,10
2,PN-10036,7
3,PN-10036,4
4,PN-10036,15
5,PN-10036,14
6,PN-10036,6
7,PN-10036,6
8,PN-10036,8
9,PN-10036,7
10,PN-10036,4
11,PN-10036,3
12,PN-10036,23
13,PN-10036,6
14,PN-10036,14
15,PN-10036,16
16,PN-10036,15
17,PN-10036,17
18,PN-10036,15
19,PN-10036,5
20,PN-10036,8
21,PN-10036,23
22,PN-10036,6
23,PN-10036,10
24,PN-10036,15
25,PN-10036,29
26,PN-10036,22
27,PN-10036,4
28,PN-10036,14
29,PN-10036,13
30,PN-10036,8
31,PN-10036,11
32,PN-10036,6
33,PN-10036,9
34,PN-10036,6
35,PN-10036,11
36,PN-10036,7
37,PN-10036,31
38,PN-10036,11
39,PN-10036,10
40,PN-10036,9
41,PN-10036,8
42,PN-10036,3
43,PN-10036,20
44,PN-10036,29
45,PN-10036,7
46,PN-10036,24
47,PN-10036,51
48,PN-10036,38
49,PN-10036,26
50,PN-10036,3
51,PN-10036,3
52,PN-10036,17
53,PN-10036,11
54,PN-10036,1
55,PN-10036,8
56,PN-10036,18
57,PN-10036,10
58,PN-10036,11
59,PN-10036,3
60,PN-10036,7
61,PN-10036,17
62,PN-10036,7
63,PN-10036,25
64,PN-10036,11
65,PN-10036,15
66,PN-10036,18
67,PN-10036,18
68,PN-10036,4
69,PN-10036,5
70,PN-10036,1
71,PN-10036,8
72,PN-10036,5
73,PN-10036,7
74,PN-10036,9
75,PN-10036,12
76,PN-10036,9
77,PN-10036,9
78,PN-10036,14
79,PN-10036,11
80,PN-10036,22
81,PN-10036,11
82,PN-10036,34
83,PN-10036,4
84,PN-10036,8
85,PN-10036,6
86,PN-10036,13
87,PN-10036,4
88,PN-10036,2
89,PN-10036,5
90,PN-10036,3
91,PN-10036,9
92,PN-10036,13
93,PN-10036,2
94,PN-10036,8
95,PN-10036,25
96,PN-10036,30
97,PN-10036,20
98,PN-10036,0
99,PN-10036,11
100,PN-10036,25
101,PN-10036,7
102,PN-10036,3
103,PN-10036,24
104,PN-10036,28
1,PN-10037,21
2,PN-10037,6
3,PN-10037,3
4,PN-10037,28
5,PN-10037,12
6,PN-10037,20
7,PN-10037,18
8,PN-10037,9
9,PN-10037,3
10,PN-10037,13
11,PN-10037,22
12,PN-10037,24
13,PN-10037,11
14,PN-10037,53
15,PN-10037,7
16,PN-10037,46
17,PN-10037,24
18,PN-10037,15
19,PN-10037,31
20,PN-10037,17
21,PN-10037,4
22,PN-10037,6
23,PN-10037,15
24,PN-10037,12
25,PN-10037,43
26,PN-10037,12
27,PN-10037,12
28,PN-10037,11
29,PN-10037,10
30,PN-10037,10
31,PN-10037,6
32,PN-10037,25
33,PN-10037,19
34,PN-10037,18
35,PN-10037,3
36,PN-10037,28
37,PN-10037,30
38,PN-10037,62
39,PN-10037,30
40,PN-10037,75
41,PN-10037,12
42,PN-10037,70
43,PN-10037,33
44,PN-10037,29
45,PN-10037,18
46,PN-10037,15
47,PN-10037,12
48,PN-10037,66
49,PN-10037,17
50,PN-10037,31
51,PN-10037,37
52,PN-10037,37
53,PN-10037,26
54,PN-10037,69
55,PN-10037,32
56,PN-10037,13
57,PN-10037,16
58,PN-10037,4
59,PN-10037,27
60,PN-10037,34
61,PN-10037,35
62,PN-10037,31
63,PN-10037,18
64,PN-10037,21
65,PN-10037,22
66,PN-10037,47
67,PN-10037,2
68,PN-10037,15
69,PN-10037,8
70,PN-10037,91
71,PN-10037,54
72,PN-10037,15
73,PN-10037,5
74,PN-10037,7
75,PN-10037,44
76,PN-10037,4
77,PN-10037,22
78,PN-10037,41
79,PN-10037,6
80,PN-10037,23
81,PN-10037,16
82,PN-10037,14
83,PN-10037,12
84,PN-10037,44
85,PN-10037,62
86,PN-10037,17
87,PN-10037,29
88,PN-10037,22
89,PN-10037,3
90,PN-10037,17
91,PN-10037,2
92,PN-10037,15
93,PN-10037,23
94,PN-10037,41
95,PN-10037,29
96,PN-10037,47
97,PN-10037,10
98,PN-10037,58
99,PN-10037,62
100,PN-10037,2
101,PN-10037,4
102,PN-10037,21
103,PN-10037,13
104,PN-10037,16
1,PN-10038,5
2,PN-10038,4
3,PN-10038,6
4,PN-10038,5
5,PN-10038,4
6,PN-10038,4
7,PN-10038,6
8,PN-10038,5
9,PN-10038,4
10,PN-10038,5
11,PN-10038,7
12,PN-10038,5
13,PN-10038,6
14,PN-10038,6
15,PN-10038,5
16,PN-10038,5
17,PN-10038,4
18,PN-10038,5
19,PN-10038,4
20,PN-10038,5
21,PN-10038,4
22,PN-10038,5
23,PN-10038,5
24,PN-10038,5
25,PN-10038,3
26,PN-10038,4
27,PN-10038,4
28,PN-10038,5
29,PN-10038,6
30,PN-10038,6
31,PN-10038,4
32,PN-10038,5
33,PN-10038,5
34,PN-10038,4
35,PN-10038,5
36,PN-10038,6
37,PN-10038,6
38,PN-10038,4
39,PN-10038,6
40,PN-10038,5
41,PN-10038,6
42,PN-10038,5
43,PN-10038,5
44,PN-10038,3
45,PN-10038,5
46,PN-10038,5
47,PN-10038,5
48,PN-10038,6
49,PN-10038,4
50,PN-10038,4
51,PN-10038,4
52,PN-10038,5
53,PN-10038,6
54,PN-10038,7
55,PN-10038,5
56,PN-10038,5
57,PN-10038,4
58,PN-10038,7
59,PN-10038,6
60,PN-10038,5
61,PN-10038,4
62,PN-10038,4
63,PN-10038,5
64,PN-10038,6
65,PN-10038,3
66,PN-10038,5
67,PN-10038,7
68,PN-10038,5
69,PN-10038,7
70,PN-10038,6
71,PN-10038,4
72,PN-10038,5
73,PN-10038,5
74,PN-10038,4
75,PN-10038,4
76,PN-10038,7
77,PN-10038,4
78,PN-10038,6
79,PN-10038,5
80,PN-10038,6
81,PN-10038,6
82,PN-10038,5
83,PN-10038,6
84,PN-10038,3
85,PN-10038,6
86,PN-10038,3
87,PN-10038,5
88,PN-10038,6
89,PN-10038,6
90,PN-10038,4
91,PN-10038,4
92,PN-10038,5
93,PN-10038,6
94,PN-10038,4
95,PN-10038,6
96,PN-10038,6
97,PN-10038,5
98,PN-10038,6
99,PN-10038,6
100,PN-10038,5
101,PN-10038,3
102,PN-10038,5
103,PN-10038,5
104,PN-10038,5
1,PN-10039,0
2,PN-10039,0
3,PN-10039,51
4,PN-10039,46
5,PN-10039,0
6,PN-10039,86
7,PN-10039,73
8,PN-10039,0
9,PN-10039,0
10,PN-10039,12
11,PN-10039,0
12,PN-10039,0
13,PN-10039,0
14,PN-10039,32
15,PN-10039,29
16,PN-10039,0
17,PN-10039,192
18,PN-10039,0
19,PN-10039,34
20,PN-10039,0
21,PN-10039,0
22,PN-10039,0
23,PN-10039,0
24,PN-10039,0
25,PN-10039,0
26,PN-10039,0
27,PN-10039,0
28,PN-10039,0
29,PN-10039,0
30,PN-10039,0
31,PN-10039,165
32,PN-10039,0
33,PN-10039,0
34,PN-10039,0
35,PN-10039,0
36,PN-10039,0
37,PN-10039,0
38,PN-10039,61
39,PN-10039,0
40,PN-10039,56
41,PN-10039,0
42,PN-10039,162
43,PN-10039,0
44,PN-10039,10
45,PN-10039,0
46,PN-10039,0
47,PN-10039,0
48,PN-10039,19
49,PN-10039,23
50,PN-10039,0
51,PN-10039,0
52,PN-10039,0
53,PN-10039,0
54,PN-10039,0
55,PN-10039,0
56,PN-10039,0
57,PN-10039,0
58,PN-10039,0
59,PN-10039,0
60,PN-10039,50
61,PN-10039,39
62,PN-10039,0
63,PN-10039,0
64,PN-10039,0
65,PN-10039,0
66,PN-10039,77
67,PN-10039,74
68,PN-10039,0
69,PN-10039,0
70,PN-10039,8
71,PN-10039,0
72,PN-10039,0
73,PN-10039,0
74,PN-10039,0
75,PN-10039,0
76,PN-10039,0
77,PN-10039,0
78,PN-10039,0
79,PN-10039,0
80,PN-10039,91
81,PN-10039,0
82,PN-10039,0
83,PN-10039,0
84,PN-10039,67
85,PN-10039,0
86,PN-10039,15
87,PN-10039,0
88,PN-10039,0
89,PN-10039,0
90,PN-10039,0
91,PN-10039,24
92,PN-10039,0
93,PN-10039,0
94,PN-10039,0
95,PN-10039,0
96,PN-10039,0
97,PN-10039,0
98,PN-10039,0
99,PN-10039,0
100,PN-10039,0
101,PN-10039,0
102,PN-10039,0
103,PN-10039,0
104,PN-10039,0
1,PN-10040,0
2,PN-10040,284
3,PN-10040,0
4,PN-10040,0
5,PN-10040,0
6,PN-10040,0
7,PN-10040,0
8,PN-10040,0
9,PN-10040,0
10,PN-10040,0
11,PN-10040,0
12,PN-10040,125
13,PN-10040,425
14,PN-10040,0
15,PN-10040,0
16,PN-10040,0
17,PN-10040,151
18,PN-10040,0
19,PN-10040,0
20,PN-10040,0
21,PN-10040,116
22,PN-10040,0
23,PN-10040,0
24,PN-10040,0
25,PN-10040,605
26,PN-10040,500
27,PN-10040,0
28,PN-10040,0
29,PN-10040,0
30,PN-10040,304
31,PN-10040,0
32,PN-10040,0
33,PN-10040,111
34,PN-10040,0
35,PN-10040,0
36,PN-10040,0
37,PN-10040,0
38,PN-10040,0
39,PN-10040,0
40,PN-10040,221
41,PN-10040,0
42,PN-10040,534
43,PN-10040,0
44,PN-10040,0
45,PN-10040,0
46,PN-10040,0
47,PN-10040,0
48,PN-10040,246
49,PN-10040,0
50,PN-10040,1641
51,PN-10040,0
52,PN-10040,0
53,PN-10040,580
54,PN-10040,0
55,PN-10040,0
56,PN-10040,0
57,PN-10040,0
58,PN-10040,201
59,PN-10040,0
60,PN-10040,238
61,PN-10040,0
62,PN-10040,312
63,PN-10040,0
64,PN-10040,0
65,PN-10040,523
66,PN-10040,0
67,PN-10040,0
68,PN-10040,239
69,PN-10040,0
70,PN-10040,0
71,PN-10040,0
72,PN-10040,0
73,PN-10040,0
74,PN-10040,0
75,PN-10040,210
76,PN-10040,281
77,PN-10040,413
78,PN-10040,0
79,PN-10040,0
80,PN-10040,0
81,PN-10040,347
82,PN-10040,0
83,PN-10040,0
84,PN-10040,0
85,PN-10040,216
86,PN-10040,0
87,PN-10040,425
88,PN-10040,86
89,PN-10040,0
90,PN-10040,0
91,PN-10040,0
92,PN-10040,0
93,PN-10040,0
94,PN-10040,296
95,PN-10040,0
96,PN-10040,0
97,PN-10040,236
98,PN-10040,0
99,PN-10040,0
100,PN-10040,872
101,PN-10040,0
102,PN-10040,0
103,PN-10040,0
104,PN-10040,0
1,PN-10041,780
2,PN-10041,2329
3,PN-10041,5567
4,PN-10041,4795
5,PN-10041,834
6,PN-10041,487
7,PN-10041,1168
8,PN-10041,2491
9,PN-10041,3015
10,PN-10041,3939
11,PN-10041,1865
12,PN-10041,1956
13,PN-10041,1889
14,PN-10041,3850
15,PN-10041,3362
16,PN-10041,828
17,PN-10041,3072
18,PN-10041,3718
19,PN-10041,3874
20,PN-10041,2189
21,PN-10041,2051
22,PN-10041,1580
23,PN-10041,1726
24,PN-10041,5766
25,PN-10041,1829
26,PN-10041,869
27,PN-10041,2327
28,PN-10041,3323
29,PN-10041,3941
30,PN-10041,651
31,PN-10041,5347
32,PN-10041,3157
33,PN-10041,4925
34,PN-10041,382
35,PN-10041,3850
36,PN-10041,567
37,PN-10041,1317
38,PN-10041,3156
39,PN-10041,534
40,PN-10041,1087
41,PN-10041,405
42,PN-10041,3327
43,PN-10041,841
44,PN-10041,1873
45,PN-10041,2548
46,PN-10041,2289
47,PN-10041,2080
48,PN-10041,2052
49,PN-10041,407
50,PN-10041,1410
51,PN-10041,2092
52,PN-10041,1951
53,PN-10041,1665
54,PN-10041,972
55,PN-10041,2407
56,PN-10041,2782
57,PN-10041,1270
58,PN-10041,3977
59,PN-10041,5405
60,PN-10041,1830
61,PN-10041,822
62,PN-10041,518
63,PN-10041,1348
64,PN-10041,1742
65,PN-10041,512
66,PN-10041,1396
67,PN-10041,3967
68,PN-10041,135
69,PN-10041,2100
70,PN-10041,1134
71,PN-10041,1865
72,PN-10041,5716
73,PN-10041,1722
74,PN-10041,1494
75,PN-10041,3015
76,PN-10041,2303
77,PN-10041,2001
78,PN-10041,2470
79,PN-10041,4803
80,PN-10041,3837
81,PN-10041,1544
82,PN-10041,5865
83,PN-10041,1221
84,PN-10041,2077
85,PN-10041,2236
86,PN-10041,1382
87,PN-10041,5009
88,PN-10041,1304
89,PN-10041,1628
90,PN-10041,4085
91,PN-10041,1241
92,PN-10041,515
93,PN-10041,2206
94,PN-10041,726
95,PN-10041,640
96,PN-10041,143
97,PN-10041,175
98,PN-10041,193
99,PN-10041,6128
100,PN-10041,186
101,PN-10041,653
102,PN-10041,1681
103,PN-10041,3095
104,PN-10041,3421
1,PN-10042,0
2,PN-10042,0
3,PN-10042,31
4,PN-10042,0
5,PN-10042,5
6,PN-10042,6
7,PN-10042,42
8,PN-10042,12
9,PN-10042,0
10,PN-10042,0
11,PN-10042,11
12,PN-10042,0
13,PN-10042,0
14,PN-10042,0
15,PN-10042,0
16,PN-10042,0
17,PN-10042,0
18,PN-10042,0
19,PN-10042,0
20,PN-10042,0
21,PN-10042,0
22,PN-10042,0
23,PN-10042,0
24,PN-10042,0
25,PN-10042,0
26,PN-10042,0
27,PN-10042,0
28,PN-10042,0
29,PN-10042,0
30,PN-10042,0
31,PN-10042,0
32,PN-10042,0
33,PN-10042,13
34,PN-10042,0
35,PN-10042,10
36,PN-10042,0
37,PN-10042,11
38,PN-10042,0
39,PN-10042,0
40,PN-10042,20
41,PN-10042,0
42,PN-10042,0
43,PN-10042,4
44,PN-10042,0
45,PN-10042,22
46,PN-10042,27
47,PN-10042,1
48,PN-10042,0
49,PN-10042,0
50,PN-10042,0
51,PN-10042,0
52,PN-10042,0
53,PN-10042,0
54,PN-10042,0
55,PN-10042,0
56,PN-10042,16
57,PN-10042,61
58,PN-10042,0
59,PN-10042,0
60,PN-10042,64
61,PN-10042,0
62,PN-10042,0
63,PN-10042,6
64,PN-10042,5
65,PN-10042,28
66,PN-10042,0
67,PN-10042,0
68,PN-10042,0
69,PN-10042,35
70,PN-10042,0
71,PN-10042,53
72,PN-10042,0
73,PN-10042,0
74,PN-10042,0
75,PN-10042,0
76,PN-10042,0
77,PN-10042,43
78,PN-10042,0
79,PN-10042,56
80,PN-10042,0
81,PN-10042,0
82,PN-10042,0
83,PN-10042,41
84,PN-10042,0
85,PN-10042,0
86,PN-10042,0
87,PN-10042,0
88,PN-10042,37
89,PN-10042,0
90,PN-10042,54
91,PN-10042,31
92,PN-10042,0
93,PN-10042,0
94,PN-10042,11
95,PN-10042,0
96,PN-10042,0
97,PN-10042,0
98,PN-10042,13
99,PN-10042,0
100,PN-10042,34
101,PN-10042,34
102,PN-10042,0
103,PN-10042,0
104,PN-10042,10
1,PN-10043,61
2,PN-10043,64
3,PN-10043,96
4,PN-10043,112
5,PN-10043,89
6,PN-10043,99
7,PN-10043,53
8,PN-10043,73
9,PN-10043,53
10,PN-10043,91
11,PN-10043,58
12,PN-10043,63
13,PN-10043,92
14,PN-10043,102
15,PN-10043,85
16,PN-10043,97
17,PN-10043,97
18,PN-10043,84
19,PN-10043,69
20,PN-10043,92
21,PN-10043,91
22,PN-10043,94
23,PN-10043,86
24,PN-10043,65
25,PN-10043,94
26,PN-10043,85
27,PN-10043,80
28,PN-10043,84
29,PN-10043,79
30,PN-10043,104
31,PN-10043,66
32,PN-10043,72
33,PN-10043,80
34,PN-10043,108
35,PN-10043,98
36,PN-10043,58
37,PN-10043,104
38,PN-10043,106
39,PN-10043,69
40,PN-10043,49
41,PN-10043,90
42,PN-10043,110
43,PN-10043,118
44,PN-10043,76
45,PN-10043,117
46,PN-10043,52
47,PN-10043,80
48,PN-10043,78
49,PN-10043,102
50,PN-10043,105
51,PN-10043,101
52,PN-10043,67
53,PN-10043,105
54,PN-10043,101
55,PN-10043,65
56,PN-10043,58
57,PN-10043,109
58,PN-10043,87
59,PN-10043,68
60,PN-10043,84
61,PN-10043,91
62,PN-10043,84
63,PN-10043,62
64,PN-10043,118
65,PN-10043,106
66,PN-10043,87
67,PN-10043,89
68,PN-10043,101
69,PN-10043,75
70,PN-10043,99
71,PN-10043,70
72,PN-10043,89
73,PN-10043,70
74,PN-10043,70
75,PN-10043,113
76,PN-10043,89
77,PN-10043,93
78,PN-10043,58
79,PN-10043,84
80,PN-10043,103
81,PN-10043,99
82,PN-10043,59
83,PN-10043,99
84,PN-10043,100
85,PN-10043,113
86,PN-10043,79
87,PN-10043,53
88,PN-10043,73
89,PN-10043,72
90,PN-10043,103
91,PN-10043,48
92,PN-10043,88
93,PN-10043,122
94,PN-10043,98
95,PN-10043,113
96,PN-10043,68
97,PN-10043,68
98,PN-10043,117
99,PN-10043,93
100,PN-10043,92
101,PN-10043,72
102,PN-10043,93
103,PN-10043,74
104,PN-10043,115
1,PN-10044,883
2,PN-10044,212
3,PN-10044,570
4,PN-10044,2886
5,PN-10044,1396
6,PN-10044,1751
7,PN-10044,919
8,PN-10044,1850
9,PN-10044,2245
10,PN-10044,494
11,PN-10044,762
12,PN-10044,2794
13,PN-10044,1694
14,PN-10044,4842
15,PN-10044,3157
16,PN-10044,327
17,PN-10044,608
18,PN-10044,2706
19,PN-10044,478
20,PN-10044,1784
21,PN-10044,3159
22,PN-10044,2254
23,PN-10044,370
24,PN-10044,601
25,PN-10044,2378
26,PN-10044,6691
27,PN-10044,1536
28,PN-10044,3520
29,PN-10044,2516
30,PN-10044,909
31,PN-10044,3539
32,PN-10044,221
33,PN-10044,3210
34,PN-10044,2461
35,PN-10044,922
36,PN-10044,512
37,PN-10044,1016
38,PN-10044,793
39,PN-10044,1308
40,PN-10044,1200
41,PN-10044,1010
42,PN-10044,217
43,PN-10044,474
44,PN-10044,4051
45,PN-10044,1018
46,PN-10044,1330
47,PN-10044,1089
48,PN-10044,4826
49,PN-10044,765
50,PN-10044,714
51,PN-10044,2591
52,PN-10044,2015
53,PN-10044,2774
54,PN-10044,2680
55,PN-10044,3782
56,PN-10044,410
57,PN-10044,2541
58,PN-10044,765
59,PN-10044,125
60,PN-10044,2509
61,PN-10044,2364
62,PN-10044,1626
63,PN-10044,3564
64,PN-10044,753
65,PN-10044,2959
66,PN-10044,1531
67,PN-10044,1669
68,PN-10044,170
69,PN-10044,3923
70,PN-10044,2493
71,PN-10044,2923
72,PN-10044,658
73,PN-10044,2136
74,PN-10044,1448
75,PN-10044,2429
76,PN-10044,2047
77,PN-10044,5882
78,PN-10044,4704
79,PN-10044,1395
80,PN-10044,2752
81,PN-10044,1321
82,PN-10044,3875
83,PN-10044,1637
84,PN-10044,1120
85,PN-10044,2187
86,PN-10044,4349
87,PN-10044,3803
88,PN-10044,1126
89,PN-10044,5507
90,PN-10044,712
91,PN-10044,988
92,PN-10044,3721
93,PN-10044,138
94,PN-10044,1926
95,PN-10044,1446
96,PN-10044,6189
97,PN-10044,601
98,PN-10044,666
99,PN-10044,6454
100,PN-10044,1355
101,PN-10044,4243
102,PN-10044,1168
103,PN-10044,943
104,PN-10044,4619
1,PN-10045,56
2,PN-10045,31
3,PN-10045,52
4,PN-10045,43
5,PN-10045,38
6,PN-10045,38
7,PN-10045,40
8,PN-10045,41
9,PN-10045,32
10,PN-10045,37
11,PN-10045,34
12,PN-10045,31
13,PN-10045,35
14,PN-10045,33
15,PN-10045,39
16,PN-10045,46
17,PN-10045,44
18,PN-10045,57
19,PN-10045,25
20,PN-10045,44
21,PN-10045,40
22,PN-10045,45
23,PN-10045,44
24,PN-10045,39
25,PN-10045,42
26,PN-10045,36
27,PN-10045,47
28,PN-10045,29
29,PN-10045,50
30,PN-10045,43
31,PN-10045,39
32,PN-10045,41
33,PN-10045,40
34,PN-10045,50
35,PN-10045,64
36,PN-10045,49
37,PN-10045,36
38,PN-10045,46
39,PN-10045,47
40,PN-10045,36
41,PN-10045,34
42,PN-10045,44
43,PN-10045,51
44,PN-10045,31
45,PN-10045,37
46,PN-10045,47
47,PN-10045,42
48,PN-10045,51
49,PN-10045,30
50,PN-10045,59
51,PN-10045,30
52,PN-10045,27
53,PN-10045,44
54,PN-10045,36
55,PN-10045,45
56,PN-10045,45
57,PN-10045,43
58,PN-10045,37
59,PN-10045,46
60,PN-10045,40
61,PN-10045,50
62,PN-10045,40
63,PN-10045,35
64,PN-10045,30
65,PN-10045,42
66,PN-10045,35
67,PN-10045,34
68,PN-10045,50
69,PN-10045,31
70,PN-10045,57
71,PN-10045,46
72,PN-10045,43
73,PN-10045,35
74,PN-10045,48
75,PN-10045,42
76,PN-10045,37
77,PN-10045,45
78,PN-10045,31
79,PN-10045,32
80,PN-10045,37
81,PN-10045,50
82,PN-10045,47
83,PN-10045,55
84,PN-10045,38
85,PN-10045,49
86,PN-10045,43
87,PN-10045,36
88,PN-10045,46
89,PN-10045,43
90,PN-10045,39
91,PN-10045,46
92,PN-10045,45
93,PN-10045,46
94,PN-10045,44
95,PN-10045,36
96,PN-10045,48
97,PN-10045,39
98,PN-10045,37
99,PN-10045,42
100,PN-10045,50
101,PN-10045,45
102,PN-10045,40
103,PN-10045,40
104,PN-10045,51
1,PN-10046,9
2,PN-10046,19
3,PN-10046,11
4,PN-10046,12
5,PN-10046,15
6,PN-10046,22
7,PN-10046,21
8,PN-10046,17
9,PN-10046,16
10,PN-10046,10
11,PN-10046,16
12,PN-10046,14
13,PN-10046,14
14,PN-10046,17
15,PN-10046,15
16,PN-10046,20
17,PN-10046,11
18,PN-10046,17
19,PN-10046,14
20,PN-10046,15
21,PN-10046,17
22,PN-10046,12
23,PN-10046,16
24,PN-10046,15
25,PN-10046,14
26,PN-10046,15
27,PN-10046,16
28,PN-10046,15
29,PN-10046,17
30,PN-10046,16
31,PN-10046,15
32,PN-10046,22
33,PN-10046,18
34,PN-10046,15
35,PN-10046,16
36,PN-10046,13
37,PN-10046,15
38,PN-10046,15
39,PN-10046,13
40,PN-10046,18
41,PN-10046,16
42,PN-10046,16
43,PN-10046,16
44,PN-10046,27
45,PN-10046,15
46,PN-10046,10
47,PN-10046,12
48,PN-10046,18
49,PN-10046,20
50,PN-10046,14
51,PN-10046,20
52,PN-10046,19
53,PN-10046,17
54,PN-10046,17
55,PN-10046,18
56,PN-10046,21
57,PN-10046,19
58,PN-10046,15
59,PN-10046,16
60,PN-10046,23
61,PN-10046,17
62,PN-10046,19
63,PN-10046,18
64,PN-10046,18
65,PN-10046,18
66,PN-10046,21
67,PN-10046,20
68,PN-10046,19
69,PN-10046,16
70,PN-10046,19
71,PN-10046,17
72,PN-10046,16
73,PN-10046,25
74,PN-10046,12
75,PN-10046,20
76,PN-10046,14
77,PN-10046,18
78,PN-10046,26
79,PN-10046,15
80,PN-10046,16
81,PN-10046,18
82,PN-10046,16
83,PN-10046,21
84,PN-10046,16
85,PN-10046,20
86,PN-10046,13
87,PN-10046,12
88,PN-10046,16
89,PN-10046,12
90,PN-10046,22
91,PN-10046,13
92,PN-10046,15
93,PN-10046,20
94,PN-10046,17
95,PN-10046,14
96,PN-10046,25
97,PN-10046,15
98,PN-10046,17
99,PN-10046,17
100,PN-10046,20
101,PN-10046,19
102,PN-10046,15
103,PN-10046,17
104,PN-10046,17
1,PN-10047,1220
2,PN-10047,865
3,PN-10047,1508
4,PN-10047,953
5,PN-10047,1090
6,PN-10047,847
7,PN-10047,803
8,PN-10047,865
9,PN-10047,837
10,PN-10047,937
11,PN-10047,843
12,PN-10047,1174
13,PN-10047,918
14,PN-10047,919
15,PN-10047,1036
16,PN-10047,1327
17,PN-10047,1168
18,PN-10047,1091
19,PN-10047,809
20,PN-10047,848
21,PN-10047,806
22,PN-10047,1277
23,PN-10047,1131
24,PN-10047,881
25,PN-10047,955
26,PN-10047,927
27,PN-10047,937
28,PN-10047,1229
29,PN-10047,1086
30,PN-10047,1572
31,PN-10047,1386
32,PN-10047,1372
33,PN-10047,1218
34,PN-10047,985
35,PN-10047,1167
36,PN-10047,986
37,PN-10047,1374
38,PN-10047,1161
39,PN-10047,1161
40,PN-10047,1160
41,PN-10047,1516
42,PN-10047,864
43,PN-10047,1548
44,PN-10047,1112
45,PN-10047,844
46,PN-10047,957
47,PN-10047,763
48,PN-10047,1199
49,PN-10047,871
50,PN-10047,1115
51,PN-10047,1327
52,PN-10047,992
53,PN-10047,1098
54,PN-10047,899
55,PN-10047,1102
56,PN-10047,1731
57,PN-10047,1334
58,PN-10047,1095
59,PN-10047,1002
60,PN-10047,1097
61,PN-10047,1118
62,PN-10047,1009
63,PN-10047,1207
64,PN-10047,929
65,PN-10047,950
66,PN-10047,1252
67,PN-10047,943
68,PN-10047,1362
69,PN-10047,1200
70,PN-10047,798
71,PN-10047,1192
72,PN-10047,798
73,PN-10047,1265
74,PN-10047,1062
75,PN-10047,1481
76,PN-10047,1337
77,PN-10047,924
78,PN-10047,743
79,PN-10047,1031
80,PN-10047,947
81,PN-10047,1626
82,PN-10047,1220
83,PN-10047,1413
84,PN-10047,1128
85,PN-10047,1128
86,PN-10047,1138
87,PN-10047,1357
88,PN-10047,1194
89,PN-10047,924
90,PN-10047,1500
91,PN-10047,1124
92,PN-10047,1113
93,PN-10047,605
94,PN-10047,1386
95,PN-10047,1265
96,PN-10047,1251
97,PN-10047,1121
98,PN-10047,1062
99,PN-10047,1087
100,PN-10047,1248
101,PN-10047,1282
102,PN-10047,1112
103,PN-10047,1382
104,PN-10047,1190
1,PN-10048,1592
2,PN-10048,1848
3,PN-10048,1361
4,PN-10048,1874
5,PN-10048,1284
6,PN-10048,1422
7,PN-10048,1086
8,PN-10048,1619
9,PN-10048,2130
10,PN-10048,1614
11,PN-10048,1859
12,PN-10048,2418
13,PN-10048,1868
14,PN-10048,1538
15,PN-10048,1611
16,PN-10048,1834
17,PN-10048,1622
18,PN-10048,1628
19,PN-10048,2091
20,PN-10048,2059
21,PN-10048,1199
22,PN-10048,1435
23,PN-10048,1541
24,PN-10048,1881
25,PN-10048,2087
26,PN-10048,2636
27,PN-10048,1663
28,PN-10048,1710
29,PN-10048,2063
30,PN-10048,1634
31,PN-10048,1795
32,PN-10048,1673
33,PN-10048,935
34,PN-10048,1775
35,PN-10048,1659
36,PN-10048,2105
37,PN-10048,1732
38,PN-10048,1365
39,PN-10048,1721
40,PN-10048,1152
41,PN-10048,1471
42,PN-10048,2114
43,PN-10048,1811
44,PN-10048,2185
45,PN-10048,1189
46,PN-10048,1723
47,PN-10048,1617
48,PN-10048,2048
49,PN-10048,1956
50,PN-10048,1966
51,PN-10048,2293
52,PN-10048,1716
53,PN-10048,2331
54,PN-10048,1553
55,PN-10048,1554
56,PN-10048,2188
57,PN-10048,1390
58,PN-10048,2066
59,PN-10048,1867
60,PN-10048,2148
61,PN-10048,1760
62,PN-10048,1795
63,PN-10048,1958
64,PN-10048,1609
65,PN-10048,1632
66,PN-10048,2075
67,PN-10048,1934
68,PN-10048,1818
69,PN-10048,1930
70,PN-10048,2495
71,PN-10048,1753
72,PN-10048,1708
73,PN-10048,1269
74,PN-10048,1798
75,PN-10048,2023
76,PN-10048,2101
77,PN-10048,1895
78,PN-10048,2228
79,PN-10048,2199
80,PN-10048,2373
81,PN-10048,2347
82,PN-10048,2554
83,PN-10048,1910
84,PN-10048,1474
85,PN-10048,2125
86,PN-10048,2126
87,PN-10048,2365
88,PN-10048,2266
89,PN-10048,2509
90,PN-10048,2102
91,PN-10048,2013
92,PN-10048,1483
93,PN-10048,2120
94,PN-10048,1824
95,PN-10048,2100
96,PN-10048,2022
97,PN-10048,2136
98,PN-10048,1896
99,PN-10048,2216
100,PN-10048,956
101,PN-10048,1937
102,PN-10048,2299
103,PN-10048,2571
104,PN-10048,2224
1,PN-10049,812
2,PN-10049,654
3,PN-10049,641
4,PN-10049,701
5,PN-10049,632
6,PN-10049,533
7,PN-10049,551
8,PN-10049,476
9,PN-10049,643
10,PN-10049,588
11,PN-10049,554
12,PN-10049,543
13,PN-10049,676
14,PN-10049,724
15,PN-10049,515
16,PN-10049,501
17,PN-10049,763
18,PN-10049,485
19,PN-10049,694
20,PN-10049,798
21,PN-10049,783
22,PN-10049,678
23,PN-10049,674
24,PN-10049,849
25,PN-10049,357
26,PN-10049,578
27,PN-10049,744
28,PN-10049,618
29,PN-10049,812
30,PN-10049,658
31,PN-10049,671
32,PN-10049,612
33,PN-10049,570
34,PN-10049,557
35,PN-10049,640
36,PN-10049,524
37,PN-10049,721
38,PN-10049,701
39,PN-10049,769
40,PN-10049,524
41,PN-10049,464
42,PN-10049,675
43,PN-10049,1026
44,PN-10049,819
45,PN-10049,589
46,PN-10049,690
47,PN-10049,711
48,PN-10049,469
49,PN-10049,774
50,PN-10049,608
51,PN-10049,628
52,PN-10049,656
53,PN-10049,806
54,PN-10049,588
55,PN-10049,476
56,PN-10049,725
57,PN-10049,429
58,PN-10049,630
59,PN-10049,792
60,PN-10049,707
61,PN-10049,752
62,PN-10049,703
63,PN-10049,915
64,PN-10049,581
65,PN-10049,713
66,PN-10049,626
67,PN-10049,811
68,PN-10049,690
69,PN-10049,913
70,PN-10049,624
71,PN-10049,849
72,PN-10049,735
73,PN-10049,648
74,PN-10049,707
75,PN-10049,674
76,PN-10049,691
77,PN-10049,637
78,PN-10049,591
79,PN-10049,650
80,PN-10049,490
81,PN-10049,817
82,PN-10049,551
83,PN-10049,674
84,PN-10049,769
85,PN-10049,777
86,PN-10049,451
87,PN-10049,645
88,PN-10049,709
89,PN-10049,667
90,PN-10049,836
91,PN-10049,586
92,PN-10049,444
93,PN-10049,819
94,PN-10049,651
95,PN-10049,492
96,PN-10049,692
97,PN-10049,856
98,PN-10049,531
99,PN-10049,958
100,PN-10049,567
101,PN-10049,677
102,PN-10049,525
103,PN-10049,689
104,PN-10049,682
1,PN-10050,34
2,PN-10050,72
3,PN-10050,44
4,PN-10050,44
5,PN-10050,56
6,PN-10050,62
7,PN-10050,55
8,PN-10050,35
9,PN-10050,46
10,PN-10050,29
11,PN-10050,52
12,PN-10050,32
13,PN-10050,40
14,PN-10050,48
15,PN-10050,53
16,PN-10050,47
17,PN-10050,63
18,PN-10050,55
19,PN-10050,53
20,PN-10050,36
21,PN-10050,60
22,PN-10050,39
23,PN-10050,59
24,PN-10050,62
25,PN-10050,51
26,PN-10050,57
27,PN-10050,22
28,PN-10050,48
29,PN-10050,60
30,PN-10050,58
31,PN-10050,39
32,PN-10050,46
33,PN-10050,26
34,PN-10050,50
35,PN-10050,30
36,PN-10050,55
37,PN-10050,56
38,PN-10050,43
39,PN-10050,53
40,PN-10050,48
41,PN-10050,53
42,PN-10050,40
43,PN-10050,57
44,PN-10050,36
45,PN-10050,33
46,PN-10050,47
47,PN-10050,46
48,PN-10050,49
49,PN-10050,41
50,PN-10050,63
51,PN-10050,50
52,PN-10050,51
53,PN-10050,52
54,PN-10050,61
55,PN-10050,57
56,PN-10050,56
57,PN-10050,58
58,PN-10050,34
59,PN-10050,33
60,PN-10050,48
61,PN-10050,46
62,PN-10050,53
63,PN-10050,48
64,PN-10050,54
65,PN-10050,39
66,PN-10050,51
67,PN-10050,40
68,PN-10050,56
69,PN-10050,35
70,PN-10050,55
71,PN-10050,38
72,PN-10050,47
73,PN-10050,57
74,PN-10050,51
75,PN-10050,34
76,PN-10050,43
77,PN-10050,36
78,PN-10050,36
79,PN-10050,53
80,PN-10050,59
81,PN-10050,58
82,PN-10050,59
83,PN-10050,53
84,PN-10050,50
85,PN-10050,41
86,PN-10050,46
87,PN-10050,38
88,PN-10050,42
89,PN-10050,51
90,PN-10050,50
91,PN-10050,81
92,PN-10050,40
93,PN-10050,53
94,PN-10050,41
95,PN-10050,51
96,PN-10050,50
97,PN-10050,61
98,PN-10050,48
99,PN-10050,49
100,PN-10050,47
101,PN-10050,38
102,PN-10050,45
103,PN-10050,48
104,PN-10050,54
1,PN-10051,74
2,PN-10051,38
3,PN-10051,75
4,PN-10051,88
5,PN-10051,40
6,PN-10051,46
7,PN-10051,34
8,PN-10051,71
9,PN-10051,32
10,PN-10051,65
11,PN-10051,54
12,PN-10051,4
13,PN-10051,71
14,PN-10051,53
15,PN-10051,128
16,PN-10051,13
17,PN-10051,60
18,PN-10051,30
19,PN-10051,5
20,PN-10051,3
21,PN-10051,138
22,PN-10051,55
23,PN-10051,37
24,PN-10051,7
25,PN-10051,134
26,PN-10051,22
27,PN-10051,62
28,PN-10051,53
29,PN-10051,198
30,PN-10051,48
31,PN-10051,29
32,PN-10051,60
33,PN-10051,64
34,PN-10051,281
35,PN-10051,44
36,PN-10051,12
37,PN-10051,32
38,PN-10051,58
39,PN-10051,70
40,PN-10051,7
41,PN-10051,31
42,PN-10051,193
43,PN-10051,19
44,PN-10051,100
45,PN-10051,35
46,PN-10051,48
47,PN-10051,37
48,PN-10051,57
49,PN-10051,45
50,PN-10051,39
51,PN-10051,77
52,PN-10051,11
53,PN-10051,64
54,PN-10051,3
55,PN-10051,126
56,PN-10051,44
57,PN-10051,96
58,PN-10051,0
59,PN-10051,83
60,PN-10051,22
61,PN-10051,48
62,PN-10051,81
63,PN-10051,44
64,PN-10051,75
65,PN-10051,36
66,PN-10051,133
67,PN-10051,45
68,PN-10051,46
69,PN-10051,47
70,PN-10051,51
71,PN-10051,12
72,PN-10051,18
73,PN-10051,104
74,PN-10051,92
75,PN-10051,87
76,PN-10051,70
77,PN-10051,30
78,PN-10051,28
79,PN-10051,49
80,PN-10051,126
81,PN-10051,62
82,PN-10051,18
83,PN-10051,9
84,PN-10051,100
85,PN-10051,150
86,PN-10051,6
87,PN-10051,98
88,PN-10051,69
89,PN-10051,22
90,PN-10051,60
91,PN-10051,15
92,PN-10051,42
93,PN-10051,53
94,PN-10051,140
95,PN-10051,41
96,PN-10051,26
97,PN-10051,69
98,PN-10051,81
99,PN-10051,24
100,PN-10051,16
101,PN-10051,18
102,PN-10051,131
103,PN-10051,78
104,PN-10051,38
1,PN-10052,13
2,PN-10052,7
3,PN-10052,10
4,PN-10052,12
5,PN-10052,11
6,PN-10052,10
7,PN-10052,8
8,PN-10052,10
9,PN-10052,12
10,PN-10052,10
11,PN-10052,9
12,PN-10052,8
13,PN-10052,9
14,PN-10052,12
15,PN-10052,12
16,PN-10052,10
17,PN-10052,7
18,PN-10052,12
19,PN-10052,9
20,PN-10052,12
21,PN-10052,9
22,PN-10052,9
23,PN-10052,11
24,PN-10052,15
25,PN-10052,12
26,PN-10052,11
27,PN-10052,12
28,PN-10052,8
29,PN-10052,9
30,PN-10052,6
31,PN-10052,15
32,PN-10052,14
33,PN-10052,12
34,PN-10052,11
35,PN-10052,8
36,PN-10052,10
37,PN-10052,14
38,PN-10052,11
39,PN-10052,10
40,PN-10052,8
41,PN-10052,15
42,PN-10052,12
43,PN-10052,8
44,PN-10052,10
45,PN-10052,9
46,PN-10052,11
47,PN-10052,11
48,PN-10052,10
49,PN-10052,12
50,PN-10052,11
51,PN-10052,13
52,PN-10052,11
53,PN-10052,18
54,PN-10052,11
55,PN-10052,10
56,PN-10052,10
57,PN-10052,11
58,PN-10052,8
59,PN-10052,12
60,PN-10052,7
61,PN-10052,11
62,PN-10052,8
63,PN-10052,10
64,PN-10052,13
65,PN-10052,16
66,PN-10052,10
67,PN-10052,12
68,PN-10052,11
69,PN-10052,10
70,PN-10052,10
71,PN-10052,14
72,PN-10052,11
73,PN-10052,16
74,PN-10052,12
75,PN-10052,9
76,PN-10052,11
77,PN-10052,10
78,PN-10052,13
79,PN-10052,8
80,PN-10052,9
81,PN-10052,11
82,PN-10052,14
83,PN-10052,15
84,PN-10052,15
85,PN-10052,13
86,PN-10052,11
87,PN-10052,13
88,PN-10052,9
89,PN-10052,8
90,PN-10052,13
91,PN-10052,10
92,PN-10052,12
93,PN-10052,13
94,PN-10052,13
95,PN-10052,15
96,PN-10052,14
97,PN-10052,13
98,PN-10052,11
99,PN-10052,12
100,PN-10052,10
101,PN-10052,11
102,PN-10052,17
103,PN-10052,12
104,PN-10052,13
1,PN-10053,19
2,PN-10053,71
3,PN-10053,47
4,PN-10053,102
5,PN-10053,35
6,PN-10053,15
7,PN-10053,35
8,PN-10053,70
9,PN-10053,22
10,PN-10053,23
11,PN-10053,37
12,PN-10053,35
13,PN-10053,25
14,PN-10053,89
15,PN-10053,33
16,PN-10053,57
17,PN-10053,25
18,PN-10053,90
19,PN-10053,11
20,PN-10053,76
21,PN-10053,35
22,PN-10053,25
23,PN-10053,25
24,PN-10053,57
25,PN-10053,21
26,PN-10053,15
27,PN-10053,88
28,PN-10053,1
29,PN-10053,18
30,PN-10053,133
31,PN-10053,34
32,PN-10053,5
33,PN-10053,52
34,PN-10053,24
35,PN-10053,4
36,PN-10053,43
37,PN-10053,38
38,PN-10053,37
39,PN-10053,56
40,PN-10053,10
41,PN-10053,51
42,PN-10053,44
43,PN-10053,90
44,PN-10053,18
45,PN-10053,100
46,PN-10053,71
47,PN-10053,32
48,PN-10053,36
49,PN-10053,35
50,PN-10053,66
51,PN-10053,28
52,PN-10053,88
53,PN-10053,56
54,PN-10053,168
55,PN-10053,20
56,PN-10053,67
57,PN-10053,8
58,PN-10053,32
59,PN-10053,58
60,PN-10053,66
61,PN-10053,26
62,PN-10053,92
63,PN-10053,108
64,PN-10053,19
65,PN-10053,33
66,PN-10053,30
67,PN-10053,24
68,PN-10053,113
69,PN-10053,112
70,PN-10053,32
71,PN-10053,66
72,PN-10053,88
73,PN-10053,46
74,PN-10053,27
75,PN-10053,17
76,PN-10053,68
77,PN-10053,9
78,PN-10053,30
79,PN-10053,25
80,PN-10053,8
81,PN-10053,37
82,PN-10053,34
83,PN-10053,15
84,PN-10053,108
85,PN-10053,71
86,PN-10053,39
87,PN-10053,78
88,PN-10053,92
89,PN-10053,108
90,PN-10053,19
91,PN-10053,81
92,PN-10053,34
93,PN-10053,49
94,PN-10053,22
95,PN-10053,41
96,PN-10053,85
97,PN-10053,36
98,PN-10053,15
99,PN-10053,146
100,PN-10053,18
101,PN-10053,5
102,PN-10053,22
103,PN-10053,93
104,PN-10053,18
1,PN-10054,1801
2,PN-10054,1033
3,PN-10054,0
4,PN-10054,2462
5,PN-10054,0
6,PN-10054,0
7,PN-10054,0
8,PN-10054,0
9,PN-10054,0
10,PN-10054,0
11,PN-10054,0
12,PN-10054,0
13,PN-10054,0
14,PN-10054,0
15,PN-10054,0
16,PN-10054,0
17,PN-10054,1651
18,PN-10054,659
19,PN-10054,0
20,PN-10054,0
21,PN-10054,2496
22,PN-10054,668
23,PN-10054,0
24,PN-10054,0
25,PN-10054,0
26,PN-10054,372
27,PN-10054,0
28,PN-10054,0
29,PN-10054,0
30,PN-10054,0
31,PN-10054,0
32,PN-10054,0
33,PN-10054,0
34,PN-10054,0
35,PN-10054,0
36,PN-10054,0
37,PN-10054,0
38,PN-10054,0
39,PN-10054,1035
40,PN-10054,974
41,PN-10054,0
42,PN-10054,0
43,PN-10054,0
44,PN-10054,334
45,PN-10054,0
46,PN-10054,866
47,PN-10054,0
48,PN-10054,0
49,PN-10054,0
50,PN-10054,0
51,PN-10054,981
52,PN-10054,0
53,PN-10054,0
54,PN-10054,0
55,PN-10054,284
56,PN-10054,0
57,PN-10054,1054
58,PN-10054,1782
59,PN-10054,721
60,PN-10054,2710
61,PN-10054,533
62,PN-10054,0
63,PN-10054,180
64,PN-10054,0
65,PN-10054,0
66,PN-10054,0
67,PN-10054,0
68,PN-10054,0
69,PN-10054,1449
70,PN-10054,0
71,PN-10054,0
72,PN-10054,0
73,PN-10054,0
74,PN-10054,0
75,PN-10054,0
76,PN-10054,0
77,PN-10054,0
78,PN-10054,0
79,PN-10054,0
80,PN-10054,0
81,PN-10054,0
82,PN-10054,0
83,PN-10054,1428
84,PN-10054,1717
85,PN-10054,0
86,PN-10054,1182
87,PN-10054,0
88,PN-10054,0
89,PN-10054,0
90,PN-10054,0
91,PN-10054,0
92,PN-10054,0
93,PN-10054,1321
94,PN-10054,0
95,PN-10054,933
96,PN-10054,0
97,PN-10054,0
98,PN-10054,0
99,PN-10054,0
100,PN-10054,0
101,PN-10054,0
102,PN-10054,0
103,PN-10054,0
104,PN-10054,685
1,PN-10055,84
2,PN-10055,126
3,PN-10055,107
4,PN-10055,73
5,PN-10055,113
6,PN-10055,118
7,PN-10055,125
8,PN-10055,103
9,PN-10055,96
10,PN-10055,140
11,PN-10055,104
12,PN-10055,120
13,PN-10055,98
14,PN-10055,125
15,PN-10055,84
16,PN-10055,105
17,PN-10055,89
18,PN-10055,101
19,PN-10055,136
20,PN-10055,97
21,PN-10055,120
22,PN-10055,134
23,PN-10055,104
24,PN-10055,125
25,PN-10055,118
26,PN-10055,113
27,PN-10055,129
28,PN-10055,154
29,PN-10055,103
30,PN-10055,96
31,PN-10055,94
32,PN-10055,133
33,PN-10055,133
34,PN-10055,98
35,PN-10055,66
36,PN-10055,94
37,PN-10055,119
38,PN-10055,109
39,PN-10055,116
40,PN-10055,105
41,PN-10055,139
42,PN-10055,126
43,PN-10055,131
44,PN-10055,120
45,PN-10055,126
46,PN-10055,122
47,PN-10055,92
48,PN-10055,116
49,PN-10055,125
50,PN-10055,133
51,PN-10055,121
52,PN-10055,95
53,PN-10055,100
54,PN-10055,110
55,PN-10055,125
56,PN-10055,118
57,PN-10055,95
58,PN-10055,93
59,PN-10055,71
60,PN-10055,49
61,PN-10055,109
62,PN-10055,157
63,PN-10055,148
64,PN-10055,94
65,PN-10055,120
66,PN-10055,88
67,PN-10055,93
68,PN-10055,96
69,PN-10055,117
70,PN-10055,117
71,PN-10055,124
72,PN-10055,130
73,PN-10055,108
74,PN-10055,114
75,PN-10055,91
76,PN-10055,86
77,PN-10055,85
78,PN-10055,133
79,PN-10055,114
80,PN-10055,82
81,PN-10055,123
82,PN-10055,96
83,PN-10055,160
84,PN-10055,108
85,PN-10055,133
86,PN-10055,139
87,PN-10055,95
88,PN-10055,117
89,PN-10055,128
90,PN-10055,121
91,PN-10055,129
92,PN-10055,94
93,PN-10055,138
94,PN-10055,115
95,PN-10055,134
96,PN-10055,146
97,PN-10055,138
98,PN-10055,128
99,PN-10055,132
100,PN-10055,132
101,PN-10055,149
102,PN-10055,117
103,PN-10055,124
104,PN-10055,143
1,PN-10056,29
2,PN-10056,25
3,PN-10056,36
4,PN-10056,32
5,PN-10056,26
6,PN-10056,35
7,PN-10056,39
8,PN-10056,22
9,PN-10056,36
10,PN-10056,16
11,PN-10056,28
12,PN-10056,42
13,PN-10056,30
14,PN-10056,33
15,PN-10056,38
16,PN-10056,23
17,PN-10056,34
18,PN-10056,34
19,PN-10056,44
20,PN-10056,25
21,PN-10056,29
22,PN-10056,26
23,PN-10056,25
24,PN-10056,37
25,PN-10056,32
26,PN-10056,29
27,PN-10056,30
28,PN-10056,30
29,PN-10056,31
30,PN-10056,26
31,PN-10056,32
32,PN-10056,31
33,PN-10056,28
34,PN-10056,33
35,PN-10056,33
36,PN-10056,28
37,PN-10056,31
38,PN-10056,45
39,PN-10056,46
40,PN-10056,27
41,PN-10056,29
42,PN-10056,28
43,PN-10056,41
44,PN-10056,32
45,PN-10056,35
46,PN-10056,45
47,PN-10056,32
48,PN-10056,36
49,PN-10056,35
50,PN-10056,29
51,PN-10056,39
52,PN-10056,29
53,PN-10056,43
54,PN-10056,31
55,PN-10056,32
56,PN-10056,28
57,PN-10056,29
58,PN-10056,32
59,PN-10056,19
60,PN-10056,32
61,PN-10056,30
62,PN-10056,37
63,PN-10056,35
64,PN-10056,29
65,PN-10056,31
66,PN-10056,34
67,PN-10056,45
68,PN-10056,31
69,PN-10056,31
70,PN-10056,28
71,PN-10056,26
72,PN-10056,36
73,PN-10056,35
74,PN-10056,41
75,PN-10056,39
76,PN-10056,48
77,PN-10056,34
78,PN-10056,33
79,PN-10056,27
80,PN-10056,41
81,PN-10056,37
82,PN-10056,41
83,PN-10056,29
84,PN-10056,38
85,PN-10056,36
86,PN-10056,35
87,PN-10056,30
88,PN-10056,41
89,PN-10056,47
90,PN-10056,28
91,PN-10056,40
92,PN-10056,17
93,PN-10056,41
94,PN-10056,25
95,PN-10056,34
96,PN-10056,28
97,PN-10056,35
98,PN-10056,41
99,PN-10056,23
100,PN-10056,32
101,PN-10056,31
102,PN-10056,45
103,PN-10056,38
104,PN-10056,28
1,PN-10057,540
2,PN-10057,769
3,PN-10057,684
4,PN-10057,506
5,PN-10057,570
6,PN-10057,562
7,PN-10057,519
8,PN-10057,390
9,PN-10057,488
10,PN-10057,694
11,PN-10057,522
12,PN-10057,561
13,PN-10057,601
14,PN-10057,840
15,PN-10057,613
16,PN-10057,739
17,PN-10057,550
18,PN-10057,581
19,PN-10057,599
20,PN-10057,504
21,PN-10057,553
22,PN-10057,657
23,PN-10057,484
24,PN-10057,572
25,PN-10057,657
26,PN-10057,508
27,PN-10057,732
28,PN-10057,630
29,PN-10057,609
30,PN-10057,400
31,PN-10057,579
32,PN-10057,650
33,PN-10057,783
34,PN-10057,644
35,PN-10057,695
36,PN-10057,451
37,PN-10057,569
38,PN-10057,724
39,PN-10057,511
40,PN-10057,730
41,PN-10057,717
42,PN-10057,670
43,PN-10057,600
44,PN-10057,519
45,PN-10057,818
46,PN-10057,676
47,PN-10057,632
48,PN-10057,545
49,PN-10057,592
50,PN-10057,611
51,PN-10057,648
52,PN-10057,700
53,PN-10057,544
54,PN-10057,474
55,PN-10057,659
56,PN-10057,445
57,PN-10057,604
58,PN-10057,573
59,PN-10057,672
60,PN-10057,822
61,PN-10057,389
62,PN-10057,843
63,PN-10057,579
64,PN-10057,654
65,PN-10057,469
66,PN-10057,759
67,PN-10057,660
68,PN-10057,653
69,PN-10057,430
70,PN-10057,661
71,PN-10057,739
72,PN-10057,602
73,PN-10057,747
74,PN-10057,734
75,PN-10057,539
76,PN-10057,791
77,PN-10057,631
78,PN-10057,646
79,PN-10057,666
80,PN-10057,674
81,PN-10057,353
82,PN-10057,648
83,PN-10057,501
84,PN-10057,843
85,PN-10057,822
86,PN-10057,724
87,PN-10057,594
88,PN-10057,507
89,PN-10057,552
90,PN-10057,859
91,PN-10057,570
92,PN-10057,383
93,PN-10057,802
94,PN-10057,866
95,PN-10057,885
96,PN-10057,800
97,PN-10057,806
98,PN-10057,656
99,PN-10057,400
100,PN-10057,635
101,PN-10057,701
102,PN-10057,621
103,PN-10057,626
104,PN-10057,547
1,PN-10058,326
2,PN-10058,539
3,PN-10058,547
4,PN-10058,408
5,PN-10058,424
6,PN-10058,326
7,PN-10058,432
8,PN-10058,500
9,PN-10058,272
10,PN-10058,406
11,PN-10058,415
12,PN-10058,422
13,PN-10058,512
14,PN-10058,553
15,PN-10058,395
16,PN-10058,467
17,PN-10058,422
18,PN-10058,364
19,PN-10058,423
20,PN-10058,442
21,PN-10058,402
22,PN-10058,322
23,PN-10058,350
24,PN-10058,354
25,PN-10058,333
26,PN-10058,425
27,PN-10058,443
28,PN-10058,494
29,PN-10058,358
30,PN-10058,379
31,PN-10058,535
32,PN-10058,398
33,PN-10058,404
34,PN-10058,382
35,PN-10058,469
36,PN-10058,471
37,PN-10058,472
38,PN-10058,402
39,PN-10058,346
40,PN-10058,565
41,PN-10058,493
42,PN-10058,395
43,PN-10058,541
44,PN-10058,385
45,PN-10058,524
46,PN-10058,518
47,PN-10058,335
48,PN-10058,438
49,PN-10058,452
50,PN-10058,588
51,PN-10058,353
52,PN-10058,525
53,PN-10058,428
54,PN-10058,337
55,PN-10058,429
56,PN-10058,438
57,PN-10058,350
58,PN-10058,449
59,PN-10058,488
60,PN-10058,426
61,PN-10058,365
62,PN-10058,393
63,PN-10058,407
64,PN-10058,431
65,PN-10058,509
66,PN-10058,455
67,PN-10058,330
68,PN-10058,400
69,PN-10058,458
70,PN-10058,529
71,PN-10058,533
72,PN-10058,559
73,PN-10058,426
74,PN-10058,468
75,PN-10058,303
76,PN-10058,447
77,PN-10058,340
78,PN-10058,427
79,PN-10058,682
80,PN-10058,473
81,PN-10058,382
82,PN-10058,485
83,PN-10058,406
84,PN-10058,364
85,PN-10058,594
86,PN-10058,505
87,PN-10058,445
88,PN-10058,389
89,PN-10058,398
90,PN-10058,549
91,PN-10058,463
92,PN-10058,200
93,PN-10058,655
94,PN-10058,475
95,PN-10058,488
96,PN-10058,544
97,PN-10058,484
98,PN-10058,497
99,PN-10058,398
100,PN-10058,332
101,PN-10058,447
102,PN-10058,540
103,PN-10058,386
104,PN-10058,388
1,PN-10059,39
2,PN-10059,11
3,PN-10059,15
4,PN-10059,9
5,PN-10059,19
6,PN-10059,57
7,PN-10059,31
8,PN-10059,8
9,PN-10059,24
10,PN-10059,24
11,PN-10059,28
12,PN-10059,30
13,PN-10059,7
14,PN-10059,8
15,PN-10059,25
16,PN-10059,10
17,PN-10059,6
18,PN-10059,12
19,PN-10059,16
20,PN-10059,6
21,PN-10059,22
22,PN-10059,2
23,PN-10059,10
24,PN-10059,11
25,PN-10059,3
26,PN-10059,68
27,PN-10059,11
28,PN-10059,23
29,PN-10059,10
30,PN-10059,3
31,PN-10059,3
32,PN-10059,6
33,PN-10059,10
34,PN-10059,2
35,PN-10059,4
36,PN-10059,69
37,PN-10059,14
38,PN-10059,6
39,PN-10059,3
40,PN-10059,4
41,PN-10059,17
42,PN-10059,39
43,PN-10059,22
44,PN-10059,3
45,PN-10059,17
46,PN-10059,46
47,PN-10059,12
48,PN-10059,20
49,PN-10059,12
50,PN-10059,25
51,PN-10059,7
52,PN-10059,5
53,PN-10059,11
54,PN-10059,16
55,PN-10059,12
56,PN-10059,11
57,PN-10059,39
58,PN-10059,6
59,PN-10059,17
60,PN-10059,3
61,PN-10059,29
62,PN-10059,20
63,PN-10059,71
64,PN-10059,5
65,PN-10059,58
66,PN-10059,6
67,PN-10059,13
68,PN-10059,4
69,PN-10059,77
70,PN-10059,25
71,PN-10059,25
72,PN-10059,7
73,PN-10059,1
74,PN-10059,11
75,PN-10059,9
76,PN-10059,12
77,PN-10059,17
78,PN-10059,26
79,PN-10059,1
80,PN-10059,4
81,PN-10059,8
82,PN-10059,42
83,PN-10059,41
84,PN-10059,24
85,PN-10059,12
86,PN-10059,42
87,PN-10059,20
88,PN-10059,39
89,PN-10059,24
90,PN-10059,2
91,PN-10059,1
92,PN-10059,12
93,PN-10059,36
94,PN-10059,10
95,PN-10059,52
96,PN-10059,33
97,PN-10059,47
98,PN-10059,12
99,PN-10059,6
100,PN-10059,5
101,PN-10059,26
102,PN-10059,2
103,PN-10059,3
104,PN-10059,9
1,PN-10060,31
2,PN-10060,29
3,PN-10060,26
4,PN-10060,23
5,PN-10060,36
6,PN-10060,34
7,PN-10060,36
8,PN-10060,30
9,PN-10060,15
10,PN-10060,22
11,PN-10060,31
12,PN-10060,27
13,PN-10060,27
14,PN-10060,24
15,PN-10060,36
16,PN-10060,34
17,PN-10060,34
18,PN-10060,27
19,PN-10060,31
20,PN-10060,22
21,PN-10060,28
22,PN-10060,16
23,PN-10060,20
24,PN-10060,27
25,PN-10060,42
26,PN-10060,20
27,PN-10060,24
28,PN-10060,33
29,PN-10060,42
30,PN-10060,33
31,PN-10060,35
32,PN-10060,29
33,PN-10060,27
34,PN-10060,30
35,PN-10060,26
36,PN-10060,33
37,PN-10060,21
38,PN-10060,35
39,PN-10060,31
40,PN-10060,30
41,PN-10060,22
42,PN-10060,27
43,PN-10060,39
44,PN-10060,31
45,PN-10060,33
46,PN-10060,26
47,PN-10060,30
48,PN-10060,22
49,PN-10060,30
50,PN-10060,32
51,PN-10060,32
52,PN-10060,26
53,PN-10060,30
54,PN-10060,36
55,PN-10060,31
56,PN-10060,31
57,PN-10060,43
58,PN-10060,26
59,PN-10060,37
60,PN-10060,24
61,PN-10060,34
62,PN-10060,34
63,PN-10060,28
64,PN-10060,24
65,PN-10060,20
66,PN-10060,29
67,PN-10060,36
68,PN-10060,27
69,PN-10060,34
70,PN-10060,24
71,PN-10060,31
72,PN-10060,25
73,PN-10060,31
74,PN-10060,28
75,PN-10060,24
76,PN-10060,27
77,PN-10060,26
78,PN-10060,25
79,PN-10060,39
80,PN-10060,31
81,PN-10060,20
82,PN-10060,30
83,PN-10060,39
84,PN-10060,28
85,PN-10060,41
86,PN-10060,27
87,PN-10060,34
88,PN-10060,37
89,PN-10060,34
90,PN-10060,24
91,PN-10060,27
92,PN-10060,41
93,PN-10060,29
94,PN-10060,40
95,PN-10060,32
96,PN-10060,35
97,PN-10060,25
98,PN-10060,29
99,PN-10060,27
100,PN-10060,33
101,PN-10060,32
102,PN-10060,35
103,PN-10060,30
104,PN-10060,28
1,PN-10061,650
2,PN-10061,522
3,PN-10061,773
4,PN-10061,633
5,PN-10061,601
6,PN-10061,679
7,PN-10061,604
8,PN-10061,421
9,PN-10061,480
10,PN-10061,705
11,PN-10061,607
12,PN-10061,426
13,PN-10061,665
14,PN-10061,576
15,PN-10061,550
16,PN-10061,523
17,PN-10061,776
18,PN-10061,420
19,PN-10061,542
20,PN-10061,638
21,PN-10061,786
22,PN-10061,665
23,PN-10061,512
24,PN-10061,778
25,PN-10061,470
26,PN-10061,667
27,PN-10061,709
28,PN-10061,559
29,PN-10061,754
30,PN-10061,607
31,PN-10061,745
32,PN-10061,435
33,PN-10061,674
34,PN-10061,577
35,PN-10061,744
36,PN-10061,611
37,PN-10061,761
38,PN-10061,691
39,PN-10061,634
40,PN-10061,758
41,PN-10061,772
42,PN-10061,740
43,PN-10061,400
44,PN-10061,554
45,PN-10061,826
46,PN-10061,501
47,PN-10061,736
48,PN-10061,708
49,PN-10061,545
50,PN-10061,406
51,PN-10061,579
52,PN-10061,907
53,PN-10061,570
54,PN-10061,589
55,PN-10061,569
56,PN-10061,844
57,PN-10061,655
58,PN-10061,597
59,PN-10061,827
60,PN-10061,714
61,PN-10061,534
62,PN-10061,498
63,PN-10061,779
64,PN-10061,658
65,PN-10061,484
66,PN-10061,466
67,PN-10061,558
68,PN-10061,547
69,PN-10061,445
70,PN-10061,559
71,PN-10061,571
72,PN-10061,615
73,PN-10061,859
74,PN-10061,620
75,PN-10061,630
76,PN-10061,716
77,PN-10061,639
78,PN-10061,732
79,PN-10061,733
80,PN-10061,726
81,PN-10061,1073
82,PN-10061,833
83,PN-10061,570
84,PN-10061,742
85,PN-10061,585
86,PN-10061,724
87,PN-10061,498
88,PN-10061,530
89,PN-10061,709
90,PN-10061,801
91,PN-10061,757
92,PN-10061,819
93,PN-10061,770
94,PN-10061,750
95,PN-10061,661
96,PN-10061,825
97,PN-10061,838
98,PN-10061,686
99,PN-10061,667
100,PN-10061,867
101,PN-10061,670
102,PN-10061,688
103,PN-10061,751
104,PN-10061,694
1,PN-10062,7
2,PN-10062,8
3,PN-10062,18
4,PN-10062,0
5,PN-10062,0
6,PN-10062,0
7,PN-10062,24
8,PN-10062,0
9,PN-10062,0
10,PN-10062,0
11,PN-10062,0
12,PN-10062,4
13,PN-10062,0
14,PN-10062,0
15,PN-10062,0
16,PN-10062,14
17,PN-10062,0
18,PN-10062,0
19,PN-10062,0
20,PN-10062,39
21,PN-10062,0
22,PN-10062,0
23,PN-10062,0
24,PN-10062,0
25,PN-10062,7
26,PN-10062,14
27,PN-10062,0
28,PN-10062,0
29,PN-10062,0
30,PN-10062,0
31,PN-10062,0
32,PN-10062,0
33,PN-10062,0
34,PN-10062,0
35,PN-10062,20
36,PN-10062,0
37,PN-10062,0
38,PN-10062,0
39,PN-10062,0
40,PN-10062,0
41,PN-10062,0
42,PN-10062,0
43,PN-10062,0
44,PN-10062,19
45,PN-10062,19
46,PN-10062,0
47,PN-10062,0
48,PN-10062,0
49,PN-10062,0
50,PN-10062,0
51,PN-10062,0
52,PN-10062,3
53,PN-10062,0
54,PN-10062,9
55,PN-10062,3
56,PN-10062,14
57,PN-10062,8
58,PN-10062,42
59,PN-10062,0
60,PN-10062,0
61,PN-10062,5
62,PN-10062,0
63,PN-10062,0
64,PN-10062,0
65,PN-10062,0
66,PN-10062,27
67,PN-10062,0
68,PN-10062,0
69,PN-10062,0
70,PN-10062,0
71,PN-10062,0
72,PN-10062,0
73,PN-10062,0
74,PN-10062,0
75,PN-10062,11
76,PN-10062,4
77,PN-10062,26
78,PN-10062,6
79,PN-10062,0
80,PN-10062,0
81,PN-10062,21
82,PN-10062,0
83,PN-10062,27
84,PN-10062,0
85,PN-10062,0
86,PN-10062,0
87,PN-10062,0
88,PN-10062,0
89,PN-10062,0
90,PN-10062,0
91,PN-10062,0
92,PN-10062,0
93,PN-10062,0
94,PN-10062,0
95,PN-10062,23
96,PN-10062,13
97,PN-10062,18
98,PN-10062,0
99,PN-10062,0
100,PN-10062,13
101,PN-10062,0
102,PN-10062,0
103,PN-10062,0
104,PN-10062,68
1,PN-10063,108
2,PN-10063,92
3,PN-10063,144
4,PN-10063,89
5,PN-10063,120
6,PN-10063,100
7,PN-10063,103
8,PN-10063,78
9,PN-10063,128
10,PN-10063,98
11,PN-10063,81
12,PN-10063,130
13,PN-10063,99
14,PN-10063,118
15,PN-10063,131
16,PN-10063,124
17,PN-10063,69
18,PN-10063,127
19,PN-10063,109
20,PN-10063,102
21,PN-10063,104
22,PN-10063,75
23,PN-10063,109
24,PN-10063,80
25,PN-10063,103
26,PN-10063,114
27,PN-10063,135
28,PN-10063,99
29,PN-10063,147
30,PN-10063,136
31,PN-10063,106
32,PN-10063,91
33,PN-10063,82
34,PN-10063,114
35,PN-10063,93
36,PN-10063,130
37,PN-10063,95
38,PN-10063,92
39,PN-10063,118
40,PN-10063,101
41,PN-10063,118
42,PN-10063,140
43,PN-10063,121
44,PN-10063,120
45,PN-10063,119
46,PN-10063,78
47,PN-10063,118
48,PN-10063,112
49,PN-10063,127
50,PN-10063,122
51,PN-10063,108
52,PN-10063,136
53,PN-10063,111
54,PN-10063,125
55,PN-10063,114
56,PN-10063,131
57,PN-10063,111
58,PN-10063,152
59,PN-10063,156
60,PN-10063,130
61,PN-10063,142
62,PN-10063,80
63,PN-10063,83
64,PN-10063,108
65,PN-10063,118
66,PN-10063,115
67,PN-10063,86
68,PN-10063,148
69,PN-10063,170
70,PN-10063,149
71,PN-10063,142
72,PN-10063,121
73,PN-10063,97
74,PN-10063,115
75,PN-10063,156
76,PN-10063,107
77,PN-10063,107
78,PN-10063,143
79,PN-10063,147
80,PN-10063,105
81,PN-10063,119
82,PN-10063,113
83,PN-10063,125
84,PN-10063,145
85,PN-10063,102
86,PN-10063,139
87,PN-10063,117
88,PN-10063,163
89,PN-10063,123
90,PN-10063,116
91,PN-10063,133
92,PN-10063,116
93,PN-10063,85
94,PN-10063,121
95,PN-10063,121
96,PN-10063,89
97,PN-10063,121
98,PN-10063,76
99,PN-10063,111
100,PN-10063,122
101,PN-10063,119
102,PN-10063,109
103,PN-10063,118
104,PN-10063,106
1,PN-10064,55
2,PN-10064,56
3,PN-10064,47
4,PN-10064,59
5,PN-10064,58
6,PN-10064,53
7,PN-10064,76
8,PN-10064,51
9,PN-10064,49
10,PN-10064,47
11,PN-10064,43
12,PN-10064,59
13,PN-10064,47
14,PN-10064,50
15,PN-10064,51
16,PN-10064,47
17,PN-10064,39
18,PN-10064,52
19,PN-10064,64
20,PN-10064,56
21,PN-10064,68
22,PN-10064,59
23,PN-10064,57
24,PN-10064,71
25,PN-10064,53
26,PN-10064,56
27,PN-10064,56
28,PN-10064,73
29,PN-10064,58
30,PN-10064,51
31,PN-10064,63
32,PN-10064,48
33,PN-10064,60
34,PN-10064,58
35,PN-10064,51
36,PN-10064,59
37,PN-10064,39
38,PN-10064,56
39,PN-10064,51
40,PN-10064,87
41,PN-10064,60
42,PN-10064,53
43,PN-10064,44
44,PN-10064,72
45,PN-10064,54
46,PN-10064,48
47,PN-10064,58
48,PN-10064,61
49,PN-10064,60
50,PN-10064,55
51,PN-10064,57
52,PN-10064,59
53,PN-10064,62
54,PN-10064,64
55,PN-10064,72
56,PN-10064,60
57,PN-10064,51
58,PN-10064,57
59,PN-10064,65
60,PN-10064,38
61,PN-10064,38
62,PN-10064,64
63,PN-10064,71
64,PN-10064,44
65,PN-10064,59
66,PN-10064,55
67,PN-10064,58
68,PN-10064,64
69,PN-10064,47
70,PN-10064,48
71,PN-10064,56
72,PN-10064,56
73,PN-10064,45
74,PN-10064,64
75,PN-10064,52
76,PN-10064,52
77,PN-10064,61
78,PN-10064,58
79,PN-10064,69
80,PN-10064,51
81,PN-10064,46
82,PN-10064,58
83,PN-10064,62
84,PN-10064,47
85,PN-10064,44
86,PN-10064,60
87,PN-10064,49
88,PN-10064,42
89,PN-10064,68
90,PN-10064,52
91,PN-10064,72
92,PN-10064,62
93,PN-10064,66
94,PN-10064,61
95,PN-10064,33
96,PN-10064,49
97,PN-10064,60
98,PN-10064,64
99,PN-10064,40
100,PN-10064,58
101,PN-10064,46
102,PN-10064,61
103,PN-10064,60
104,PN-10064,69
1,PN-10065,145
2,PN-10065,134
3,PN-10065,145
4,PN-10065,117
5,PN-10065,187
6,PN-10065,95
7,PN-10065,107
8,PN-10065,135
9,PN-10065,130
10,PN-10065,125
11,PN-10065,130
12,PN-10065,74
13,PN-10065,156
14,PN-10065,120
15,PN-10065,155
16,PN-10065,81
17,PN-10065,133
18,PN-10065,113
19,PN-10065,136
20,PN-10065,128
21,PN-10065,126
22,PN-10065,95
23,PN-10065,116
24,PN-10065,114
25,PN-10065,131
26,PN-10065,145
27,PN-10065,130
28,PN-10065,99
29,PN-10065,132
30,PN-10065,191
31,PN-10065,166
32,PN-10065,58
33,PN-10065,125
34,PN-10065,141
35,PN-10065,115
36,PN-10065,109
37,PN-10065,115
38,PN-10065,135
39,PN-10065,100
40,PN-10065,156
41,PN-10065,130
42,PN-10065,110
43,PN-10065,159
44,PN-10065,94
45,PN-10065,115
46,PN-10065,112
47,PN-10065,171
48,PN-10065,107
49,PN-10065,74
50,PN-10065,110
51,PN-10065,135
52,PN-10065,146
53,PN-10065,184
54,PN-10065,167
55,PN-10065,139
56,PN-10065,113
57,PN-10065,171
58,PN-10065,122
59,PN-10065,112
60,PN-10065,116
61,PN-10065,96
62,PN-10065,113
63,PN-10065,120
64,PN-10065,144
65,PN-10065,121
66,PN-10065,103
67,PN-10065,96
68,PN-10065,142
69,PN-10065,138
70,PN-10065,121
71,PN-10065,121
72,PN-10065,139
73,PN-10065,159
74,PN-10065,108
75,PN-10065,128
76,PN-10065,149
77,PN-10065,111
78,PN-10065,132
79,PN-10065,134
80,PN-10065,105
81,PN-10065,143
82,PN-10065,139
83,PN-10065,151
84,PN-10065,106
85,PN-10065,132
86,PN-10065,162
87,PN-10065,176
88,PN-10065,158
89,PN-10065,102
90,PN-10065,142
91,PN-10065,123
92,PN-10065,144
93,PN-10065,120
94,PN-10065,97
95,PN-10065,132
96,PN-10065,157
97,PN-10065,144
98,PN-10065,144
99,PN-10065,137
100,PN-10065,140
101,PN-10065,143
102,PN-10065,125
103,PN-10065,136
104,PN-10065,180
1,PN-10066,118
2,PN-10066,119
3,PN-10066,121
4,PN-10066,114
5,PN-10066,108
6,PN-10066,119
7,PN-10066,102
8,PN-10066,107
9,PN-10066,93
10,PN-10066,111
11,PN-10066,121
12,PN-10066,108
13,PN-10066,73
14,PN-10066,130
15,PN-10066,122
16,PN-10066,99
17,PN-10066,138
18,PN-10066,89
19,PN-10066,139
20,PN-10066,113
21,PN-10066,66
22,PN-10066,115
23,PN-10066,103
24,PN-10066,101
25,PN-10066,99
26,PN-10066,114
27,PN-10066,109
28,PN-10066,81
29,PN-10066,151
30,PN-10066,117
31,PN-10066,105
32,PN-10066,95
33,PN-10066,133
34,PN-10066,88
35,PN-10066,116
36,PN-10066,101
37,PN-10066,103
38,PN-10066,93
39,PN-10066,106
40,PN-10066,122
41,PN-10066,129
42,PN-10066,107
43,PN-10066,123
44,PN-10066,143
45,PN-10066,85
46,PN-10066,119
47,PN-10066,97
48,PN-10066,93
49,PN-10066,120
50,PN-10066,105
51,PN-10066,92
52,PN-10066,150
53,PN-10066,144
54,PN-10066,82
55,PN-10066,93
56,PN-10066,141
57,PN-10066,119
58,PN-10066,157
59,PN-10066,134
60,PN-10066,125
61,PN-10066,96
62,PN-10066,128
63,PN-10066,91
64,PN-10066,149
65,PN-10066,133
66,PN-10066,107
67,PN-10066,147
68,PN-10066,182
69,PN-10066,124
70,PN-10066,140
71,PN-10066,116
72,PN-10066,125
73,PN-10066,88
74,PN-10066,119
75,PN-10066,120
76,PN-10066,159
77,PN-10066,83
78,PN-10066,119
79,PN-10066,158
80,PN-10066,125
81,PN-10066,127
82,PN-10066,112
83,PN-10066,108
84,PN-10066,86
85,PN-10066,111
86,PN-10066,101
87,PN-10066,124
88,PN-10066,104
89,PN-10066,112
90,PN-10066,115
91,PN-10066,126
92,PN-10066,118
93,PN-10066,107
94,PN-10066,136
95,PN-10066,159
96,PN-10066,135
97,PN-10066,116
98,PN-10066,124
99,PN-10066,79
100,PN-10066,121
101,PN-10066,115
102,PN-10066,104
103,PN-10066,110
104,PN-10066,120
1,PN-10067,301
2,PN-10067,311
3,PN-10067,219
4,PN-10067,238
5,PN-10067,236
6,PN-10067,291
7,PN-10067,255
8,PN-10067,248
9,PN-10067,264
10,PN-10067,215
11,PN-10067,302
12,PN-10067,248
13,PN-10067,215
14,PN-10067,249
15,PN-10067,323
16,PN-10067,247
17,PN-10067,313
18,PN-10067,234
19,PN-10067,223
20,PN-10067,283
21,PN-10067,209
22,PN-10067,282
23,PN-10067,261
24,PN-10067,209
25,PN-10067,249
26,PN-10067,233
27,PN-10067,281
28,PN-10067,361
29,PN-10067,254
30,PN-10067,298
31,PN-10067,270
32,PN-10067,265
33,PN-10067,250
34,PN-10067,214
35,PN-10067,265
36,PN-10067,237
37,PN-10067,211
38,PN-10067,304
39,PN-10067,268
40,PN-10067,258
41,PN-10067,340
42,PN-10067,185
43,PN-10067,340
44,PN-10067,230
45,PN-10067,278
46,PN-10067,235
47,PN-10067,215
48,PN-10067,315
49,PN-10067,339
50,PN-10067,247
51,PN-10067,277
52,PN-10067,271
53,PN-10067,359
54,PN-10067,173
55,PN-10067,300
56,PN-10067,244
57,PN-10067,160
58,PN-10067,255
59,PN-10067,356
60,PN-10067,231
61,PN-10067,296
62,PN-10067,315
63,PN-10067,261
64,PN-10067,272
65,PN-10067,188
66,PN-10067,243
67,PN-10067,330
68,PN-10067,289
69,PN-10067,304
70,PN-10067,289
71,PN-10067,387
72,PN-10067,251
73,PN-10067,344
74,PN-10067,270
75,PN-10067,344
76,PN-10067,207
77,PN-10067,280
78,PN-10067,258
79,PN-10067,290
80,PN-10067,352
81,PN-10067,310
82,PN-10067,354
83,PN-10067,253
84,PN-10067,240
85,PN-10067,277
86,PN-10067,270
87,PN-10067,260
88,PN-10067,222
89,PN-10067,329
90,PN-10067,258
91,PN-10067,354
92,PN-10067,289
93,PN-10067,327
94,PN-10067,325
95,PN-10067,251
96,PN-10067,311
97,PN-10067,387
98,PN-10067,294
99,PN-10067,321
100,PN-10067,308
101,PN-10067,288
102,PN-10067,285
103,PN-10067,308
104,PN-10067,326
1,PN-10068,121
2,PN-10068,482
3,PN-10068,1525
4,PN-10068,116
5,PN-10068,110
6,PN-10068,1139
7,PN-10068,808
8,PN-10068,110
9,PN-10068,410
10,PN-10068,684
11,PN-10068,625
12,PN-10068,752
13,PN-10068,403
14,PN-10068,698
15,PN-10068,982
16,PN-10068,931
17,PN-10068,436
18,PN-10068,1052
19,PN-10068,216
20,PN-10068,299
21,PN-10068,1112
22,PN-10068,962
23,PN-10068,434
24,PN-10068,286
25,PN-10068,332
26,PN-10068,925
27,PN-10068,810
28,PN-10068,292
29,PN-10068,1060
30,PN-10068,462
31,PN-10068,232
32,PN-10068,382
33,PN-10068,612
34,PN-10068,960
35,PN-10068,901
36,PN-10068,501
37,PN-10068,659
38,PN-10068,477
39,PN-10068,286
40,PN-10068,559
41,PN-10068,71
42,PN-10068,1769
43,PN-10068,707
44,PN-10068,864
45,PN-10068,305
46,PN-10068,667
47,PN-10068,749
48,PN-10068,453
49,PN-10068,474
50,PN-10068,145
51,PN-10068,2079
52,PN-10068,300
53,PN-10068,347
54,PN-10068,1867
55,PN-10068,922
56,PN-10068,1072
57,PN-10068,145
58,PN-10068,686
59,PN-10068,142
60,PN-10068,252
61,PN-10068,2276
62,PN-10068,204
63,PN-10068,962
64,PN-10068,231
65,PN-10068,268
66,PN-10068,3533
67,PN-10068,571
68,PN-10068,137
69,PN-10068,1085
70,PN-10068,1556
71,PN-10068,1131
72,PN-10068,507
73,PN-10068,513
74,PN-10068,355
75,PN-10068,181
76,PN-10068,761
77,PN-10068,483
78,PN-10068,150
79,PN-10068,583
80,PN-10068,324
81,PN-10068,796
82,PN-10068,732
83,PN-10068,450
84,PN-10068,605
85,PN-10068,638
86,PN-10068,1216
87,PN-10068,558
88,PN-10068,369
89,PN-10068,464
90,PN-10068,2073
91,PN-10068,254
92,PN-10068,522
93,PN-10068,524
94,PN-10068,549
95,PN-10068,195
96,PN-10068,497
97,PN-10068,376
98,PN-10068,768
99,PN-10068,1373
100,PN-10068,794
101,PN-10068,649
102,PN-10068,864
103,PN-10068,719
104,PN-10068,610
1,PN-10069,36
2,PN-10069,14
3,PN-10069,6
4,PN-10069,11
5,PN-10069,9
6,PN-10069,74
7,PN-10069,42
8,PN-10069,19
9,PN-10069,9
10,PN-10069,34
11,PN-10069,18
12,PN-10069,13
13,PN-10069,19
14,PN-10069,14
15,PN-10069,27
16,PN-10069,5
17,PN-10069,27
18,PN-10069,15
19,PN-10069,37
20,PN-10069,43
21,PN-10069,49
22,PN-10069,75
23,PN-10069,47
24,PN-10069,34
25,PN-10069,6
26,PN-10069,1
27,PN-10069,41
28,PN-10069,8
29,PN-10069,125
30,PN-10069,4
31,PN-10069,36
32,PN-10069,22
33,PN-10069,4
34,PN-10069,21
35,PN-10069,9
36,PN-10069,16
37,PN-10069,17
38,PN-10069,9
39,PN-10069,13
40,PN-10069,9
41,PN-10069,2
42,PN-10069,21
43,PN-10069,53
44,PN-10069,9
45,PN-10069,71
46,PN-10069,80
47,PN-10069,12
48,PN-10069,15
49,PN-10069,12
50,PN-10069,6
51,PN-10069,15
52,PN-10069,14
53,PN-10069,21
54,PN-10069,22
55,PN-10069,6
56,PN-10069,32
57,PN-10069,16
58,PN-10069,7
59,PN-10069,15
60,PN-10069,21
61,PN-10069,57
62,PN-10069,50
63,PN-10069,11
64,PN-10069,16
65,PN-10069,9
66,PN-10069,26
67,PN-10069,13
68,PN-10069,17
69,PN-10069,45
70,PN-10069,6
71,PN-10069,54
72,PN-10069,27
73,PN-10069,50
74,PN-10069,34
75,PN-10069,39
76,PN-10069,19
77,PN-10069,7
78,PN-10069,11
79,PN-10069,9
80,PN-10069,2
81,PN-10069,46
82,PN-10069,19
83,PN-10069,9
84,PN-10069,84
85,PN-10069,108
86,PN-10069,5
87,PN-10069,16
88,PN-10069,15
89,PN-10069,8
90,PN-10069,43
91,PN-10069,2
92,PN-10069,70
93,PN-10069,22
94,PN-10069,83
95,PN-10069,21
96,PN-10069,16
97,PN-10069,47
98,PN-10069,78
99,PN-10069,68
100,PN-10069,3
101,PN-10069,55
102,PN-10069,14
103,PN-10069,18
104,PN-10069,15
1,PN-10070,1802
2,PN-10070,0
3,PN-10070,0
4,PN-10070,0
5,PN-10070,0
6,PN-10070,0
7,PN-10070,0
8,PN-10070,0
9,PN-10070,0
10,PN-10070,3474
11,PN-10070,0
12,PN-10070,0
13,PN-10070,3820
14,PN-10070,0
15,PN-10070,0
16,PN-10070,1966
17,PN-10070,0
18,PN-10070,3524
19,PN-10070,1482
20,PN-10070,0
21,PN-10070,0
22,PN-10070,0
23,PN-10070,0
24,PN-10070,0
25,PN-10070,0
26,PN-10070,0
27,PN-10070,2152
28,PN-10070,0
29,PN-10070,0
30,PN-10070,0
31,PN-10070,0
32,PN-10070,1009
33,PN-10070,0
34,PN-10070,0
35,PN-10070,0
36,PN-10070,0
37,PN-10070,0
38,PN-10070,0
39,PN-10070,0
40,PN-10070,0
41,PN-10070,161
42,PN-10070,2193
43,PN-10070,0
44,PN-10070,0
45,PN-10070,1314
46,PN-10070,786
47,PN-10070,0
48,PN-10070,0
49,PN-10070,0
50,PN-10070,0
51,PN-10070,0
52,PN-10070,0
53,PN-10070,0
54,PN-10070,829
55,PN-10070,0
56,PN-10070,1740
57,PN-10070,2651
58,PN-10070,1941
59,PN-10070,1292
60,PN-10070,0
61,PN-10070,0
62,PN-10070,0
63,PN-10070,0
64,PN-10070,0
65,PN-10070,1495
66,PN-10070,0
67,PN-10070,0
68,PN-10070,0
69,PN-10070,0
70,PN-10070,2315
71,PN-10070,0
72,PN-10070,0
73,PN-10070,0
74,PN-10070,2554
75,PN-10070,0
76,PN-10070,0
77,PN-10070,0
78,PN-10070,0
79,PN-10070,421
80,PN-10070,0
81,PN-10070,1571
82,PN-10070,1621
83,PN-10070,737
84,PN-10070,0
85,PN-10070,0
86,PN-10070,5413
87,PN-10070,585
88,PN-10070,0
89,PN-10070,0
90,PN-10070,2307
91,PN-10070,0
92,PN-10070,258
93,PN-10070,0
94,PN-10070,4860
95,PN-10070,0
96,PN-10070,0
97,PN-10070,0
98,PN-10070,0
99,PN-10070,0
100,PN-10070,0
101,PN-10070,0
102,PN-10070,0
103,PN-10070,0
104,PN-10070,701
1,PN-10071,34
2,PN-10071,19
3,PN-10071,160
4,PN-10071,12
5,PN-10071,27
6,PN-10071,23
7,PN-10071,23
8,PN-10071,13
9,PN-10071,110
10,PN-10071,182
11,PN-10071,53
12,PN-10071,50
13,PN-10071,7
14,PN-10071,117
15,PN-10071,19
16,PN-10071,6
17,PN-10071,67
18,PN-10071,96
19,PN-10071,116
20,PN-10071,26
21,PN-10071,23
22,PN-10071,46
23,PN-10071,32
24,PN-10071,63
25,PN-10071,48
26,PN-10071,17
27,PN-10071,121
28,PN-10071,69
29,PN-10071,97
30,PN-10071,18
31,PN-10071,67
32,PN-10071,81
33,PN-10071,48
34,PN-10071,13
35,PN-10071,42
36,PN-10071,71
37,PN-10071,95
38,PN-10071,8
39,PN-10071,48
40,PN-10071,11
41,PN-10071,79
42,PN-10071,96
43,PN-10071,17
44,PN-10071,14
45,PN-10071,24
46,PN-10071,36
47,PN-10071,20
48,PN-10071,78
49,PN-10071,96
50,PN-10071,45
51,PN-10071,21
52,PN-10071,36
53,PN-10071,48
54,PN-10071,36
55,PN-10071,42
56,PN-10071,100
57,PN-10071,21
58,PN-10071,176
59,PN-10071,48
60,PN-10071,32
61,PN-10071,19
62,PN-10071,21
63,PN-10071,42
64,PN-10071,47
65,PN-10071,32
66,PN-10071,11
67,PN-10071,46
68,PN-10071,23
69,PN-10071,6
70,PN-10071,74
71,PN-10071,7
72,PN-10071,31
73,PN-10071,39
74,PN-10071,110
75,PN-10071,6
76,PN-10071,76
77,PN-10071,87
78,PN-10071,142
79,PN-10071,104
80,PN-10071,43
81,PN-10071,86
82,PN-10071,125
83,PN-10071,4
84,PN-10071,11
85,PN-10071,54
86,PN-10071,86
87,PN-10071,69
88,PN-10071,56
89,PN-10071,137
90,PN-10071,32
91,PN-10071,22
92,PN-10071,28
93,PN-10071,58
94,PN-10071,42
95,PN-10071,98
96,PN-10071,24
97,PN-10071,63
98,PN-10071,83
99,PN-10071,119
100,PN-10071,13
101,PN-10071,26
102,PN-10071,37
103,PN-10071,9
104,PN-10071,59
1,PN-10072,4101
2,PN-10072,0
3,PN-10072,0
4,PN-10072,3315
5,PN-10072,0
6,PN-10072,0
7,PN-10072,0
8,PN-10072,0
9,PN-10072,0
10,PN-10072,0
11,PN-10072,0
12,PN-10072,1153
13,PN-10072,0
14,PN-10072,1899
15,PN-10072,664
16,PN-10072,0
17,PN-10072,1364
18,PN-10072,0
19,PN-10072,0
20,PN-10072,2755
21,PN-10072,0
22,PN-10072,0
23,PN-10072,0
24,PN-10072,0
25,PN-10072,0
26,PN-10072,456
27,PN-10072,2975
28,PN-10072,0
29,PN-10072,1300
30,PN-10072,0
31,PN-10072,0
32,PN-10072,0
33,PN-10072,0
34,PN-10072,0
35,PN-10072,2312
36,PN-10072,0
37,PN-10072,0
38,PN-10072,0
39,PN-10072,0
40,PN-10072,0
41,PN-10072,878
42,PN-10072,0
43,PN-10072,0
44,PN-10072,2530
45,PN-10072,0
46,PN-10072,3373
47,PN-10072,1880
48,PN-10072,2565
49,PN-10072,0
50,PN-10072,379
51,PN-10072,1111
52,PN-10072,0
53,PN-10072,0
54,PN-10072,879
55,PN-10072,1041
56,PN-10072,0
57,PN-10072,0
58,PN-10072,0
59,PN-10072,3719
60,PN-10072,0
61,PN-10072,0
62,PN-10072,1821
63,PN-10072,1177
64,PN-10072,0
65,PN-10072,0
66,PN-10072,1925
67,PN-10072,0
68,PN-10072,0
69,PN-10072,0
70,PN-10072,1169
71,PN-10072,0
72,PN-10072,0
73,PN-10072,0
74,PN-10072,0
75,PN-10072,0
76,PN-10072,0
77,PN-10072,0
78,PN-10072,0
79,PN-10072,0
80,PN-10072,0
81,PN-10072,0
82,PN-10072,0
83,PN-10072,3004
84,PN-10072,1216
85,PN-10072,0
86,PN-10072,0
87,PN-10072,0
88,PN-10072,0
89,PN-10072,0
90,PN-10072,1023
91,PN-10072,1173
92,PN-10072,3314
93,PN-10072,6346
94,PN-10072,0
95,PN-10072,0
96,PN-10072,2342
97,PN-10072,0
98,PN-10072,0
99,PN-10072,0
100,PN-10072,0
101,PN-10072,217
102,PN-10072,0
103,PN-10072,1075
104,PN-10072,1086
1,PN-10073,0
2,PN-10073,0
3,PN-10073,0
4,PN-10073,35
5,PN-10073,0
6,PN-10073,20
7,PN-10073,0
8,PN-10073,0
9,PN-10073,2
10,PN-10073,0
11,PN-10073,0
12,PN-10073,0
13,PN-10073,0
14,PN-10073,0
15,PN-10073,0
16,PN-10073,0
17,PN-10073,0
18,PN-10073,0
19,PN-10073,0
20,PN-10073,0
21,PN-10073,0
22,PN-10073,0
23,PN-10073,0
24,PN-10073,0
25,PN-10073,0
26,PN-10073,0
27,PN-10073,0
28,PN-10073,0
29,PN-10073,0
30,PN-10073,0
31,PN-10073,0
32,PN-10073,0
33,PN-10073,0
34,PN-10073,0
35,PN-10073,0
36,PN-10073,37
37,PN-10073,14
38,PN-10073,0
39,PN-10073,0
40,PN-10073,16
41,PN-10073,0
42,PN-10073,0
43,PN-10073,0
44,PN-10073,0
45,PN-10073,0
46,PN-10073,0
47,PN-10073,0
48,PN-10073,0
49,PN-10073,8
50,PN-10073,0
51,PN-10073,0
52,PN-10073,12
53,PN-10073,0
54,PN-10073,22
55,PN-10073,0
56,PN-10073,0
57,PN-10073,0
58,PN-10073,0
59,PN-10073,0
60,PN-10073,0
61,PN-10073,22
62,PN-10073,0
63,PN-10073,0
64,PN-10073,13
65,PN-10073,11
66,PN-10073,0
67,PN-10073,36
68,PN-10073,0
69,PN-10073,23
70,PN-10073,0
71,PN-10073,0
72,PN-10073,0
73,PN-10073,0
74,PN-10073,8
75,PN-10073,0
76,PN-10073,0
77,PN-10073,0
78,PN-10073,0
79,PN-10073,46
80,PN-10073,0
81,PN-10073,0
82,PN-10073,11
83,PN-10073,0
84,PN-10073,22
85,PN-10073,0
86,PN-10073,0
87,PN-10073,0
88,PN-10073,20
89,PN-10073,15
90,PN-10073,0
91,PN-10073,30
92,PN-10073,0
93,PN-10073,0
94,PN-10073,0
95,PN-10073,0
96,PN-10073,42
97,PN-10073,27
98,PN-10073,0
99,PN-10073,0
100,PN-10073,0
101,PN-10073,0
102,PN-10073,0
103,PN-10073,0
104,PN-10073,0
1,PN-10074,75
2,PN-10074,28
3,PN-10074,13
4,PN-10074,79
5,PN-10074,52
6,PN-10074,6
7,PN-10074,27
8,PN-10074,104
9,PN-10074,42
10,PN-10074,28
11,PN-10074,10
12,PN-10074,10
13,PN-10074,54
14,PN-10074,12
15,PN-10074,40
16,PN-10074,28
17,PN-10074,39
18,PN-10074,26
19,PN-10074,44
20,PN-10074,61
21,PN-10074,25
22,PN-10074,56
23,PN-10074,80
24,PN-10074,37
25,PN-10074,53
26,PN-10074,9
27,PN-10074,27
28,PN-10074,6
29,PN-10074,19
30,PN-10074,28
31,PN-10074,122
32,PN-10074,15
33,PN-10074,29
34,PN-10074,12
35,PN-10074,24
36,PN-10074,43
37,PN-10074,49
38,PN-10074,22
39,PN-10074,17
40,PN-10074,97
41,PN-10074,22
42,PN-10074,2
43,PN-10074,81
44,PN-10074,3
45,PN-10074,79
46,PN-10074,6
47,PN-10074,7
48,PN-10074,9
49,PN-10074,19
50,PN-10074,76
51,PN-10074,10
52,PN-10074,46
53,PN-10074,39
54,PN-10074,34
55,PN-10074,72
56,PN-10074,37
57,PN-10074,39
58,PN-10074,56
59,PN-10074,20
60,PN-10074,30
61,PN-10074,39
62,PN-10074,61
63,PN-10074,27
64,PN-10074,30
65,PN-10074,46
66,PN-10074,29
67,PN-10074,16
68,PN-10074,59
69,PN-10074,38
70,PN-10074,23
71,PN-10074,10
72,PN-10074,3
73,PN-10074,47
74,PN-10074,15
75,PN-10074,5
76,PN-10074,13
77,PN-10074,41
78,PN-10074,15
79,PN-10074,43
80,PN-10074,20
81,PN-10074,33
82,PN-10074,35
83,PN-10074,57
84,PN-10074,57
85,PN-10074,32
86,PN-10074,12
87,PN-10074,74
88,PN-10074,21
89,PN-10074,39
90,PN-10074,41
91,PN-10074,23
92,PN-10074,6
93,PN-10074,5
94,PN-10074,26
95,PN-10074,12
96,PN-10074,69
97,PN-10074,24
98,PN-10074,21
99,PN-10074,117
100,PN-10074,1
101,PN-10074,31
102,PN-10074,4
103,PN-10074,84
104,PN-10074,6
1,PN-10075,39
2,PN-10075,35
3,PN-10075,3
4,PN-10075,40
5,PN-10075,17
6,PN-10075,45
7,PN-10075,15
8,PN-10075,37
9,PN-10075,24
10,PN-10075,37
11,PN-10075,42
12,PN-10075,22
13,PN-10075,20
14,PN-10075,44
15,PN-10075,18
16,PN-10075,25
17,PN-10075,89
18,PN-10075,29
19,PN-10075,51
20,PN-10075,14
21,PN-10075,37
22,PN-10075,23
23,PN-10075,19
24,PN-10075,3
25,PN-10075,10
26,PN-10075,111
27,PN-10075,26
28,PN-10075,30
29,PN-10075,61
30,PN-10075,38
31,PN-10075,21
32,PN-10075,21
33,PN-10075,9
34,PN-10075,41
35,PN-10075,41
36,PN-10075,28
37,PN-10075,24
38,PN-10075,43
39,PN-10075,9
40,PN-10075,39
41,PN-10075,95
42,PN-10075,16
43,PN-10075,24
44,PN-10075,77
45,PN-10075,30
46,PN-10075,55
47,PN-10075,39
48,PN-10075,42
49,PN-10075,14
50,PN-10075,14
51,PN-10075,49
52,PN-10075,6
53,PN-10075,25
54,PN-10075,47
55,PN-10075,25
56,PN-10075,27
57,PN-10075,60
58,PN-10075,84
59,PN-10075,148
60,PN-10075,75
61,PN-10075,19
62,PN-10075,12
63,PN-10075,19
64,PN-10075,45
65,PN-10075,22
66,PN-10075,16
67,PN-10075,95
68,PN-10075,22
69,PN-10075,45
70,PN-10075,44
71,PN-10075,3
72,PN-10075,87
73,PN-10075,9
74,PN-10075,6
75,PN-10075,18
76,PN-10075,13
77,PN-10075,77
78,PN-10075,38
79,PN-10075,18
80,PN-10075,6
81,PN-10075,44
82,PN-10075,24
83,PN-10075,48
84,PN-10075,39
85,PN-10075,13
86,PN-10075,50
87,PN-10075,8
88,PN-10075,22
89,PN-10075,25
90,PN-10075,28
91,PN-10075,7
92,PN-10075,78
93,PN-10075,14
94,PN-10075,4
95,PN-10075,42
96,PN-10075,124
97,PN-10075,3
98,PN-10075,62
99,PN-10075,30
100,PN-10075,7
101,PN-10075,25
102,PN-10075,97
103,PN-10075,83
104,PN-10075,181
1,PN-10076,872
2,PN-10076,311
3,PN-10076,1010
4,PN-10076,252
5,PN-10076,451
6,PN-10076,246
7,PN-10076,847
8,PN-10076,773
9,PN-10076,254
10,PN-10076,1093
11,PN-10076,1377
12,PN-10076,299
13,PN-10076,690
14,PN-10076,1542
15,PN-10076,669
16,PN-10076,385
17,PN-10076,481
18,PN-10076,315
19,PN-10076,1205
20,PN-10076,1071
21,PN-10076,233
22,PN-10076,276
23,PN-10076,93
24,PN-10076,749
25,PN-10076,149
26,PN-10076,2144
27,PN-10076,221
28,PN-10076,48
29,PN-10076,154
30,PN-10076,669
31,PN-10076,478
32,PN-10076,215
33,PN-10076,439
34,PN-10076,273
35,PN-10076,742
36,PN-10076,155
37,PN-10076,549
38,PN-10076,579
39,PN-10076,482
40,PN-10076,723
41,PN-10076,462
42,PN-10076,934
43,PN-10076,505
44,PN-10076,1314
45,PN-10076,581
46,PN-10076,1204
47,PN-10076,284
48,PN-10076,179
49,PN-10076,854
50,PN-10076,477
51,PN-10076,25
52,PN-10076,246
53,PN-10076,677
54,PN-10076,479
55,PN-10076,246
56,PN-10076,518
57,PN-10076,589
58,PN-10076,70
59,PN-10076,1200
60,PN-10076,1384
61,PN-10076,236
62,PN-10076,1905
63,PN-10076,453
64,PN-10076,272
65,PN-10076,270
66,PN-10076,1951
67,PN-10076,180
68,PN-10076,617
69,PN-10076,681
70,PN-10076,953
71,PN-10076,559
72,PN-10076,1805
73,PN-10076,2020
74,PN-10076,1467
75,PN-10076,682
76,PN-10076,1048
77,PN-10076,385
78,PN-10076,1279
79,PN-10076,307
80,PN-10076,218
81,PN-10076,214
82,PN-10076,879
83,PN-10076,1738
84,PN-10076,1809
85,PN-10076,31
86,PN-10076,1121
87,PN-10076,189
88,PN-10076,2617
89,PN-10076,128
90,PN-10076,73
91,PN-10076,1181
92,PN-10076,386
93,PN-10076,371
94,PN-10076,265
95,PN-10076,313
96,PN-10076,1265
97,PN-10076,210
98,PN-10076,471
99,PN-10076,180
100,PN-10076,571
101,PN-10076,340
102,PN-10076,777
103,PN-10076,877
104,PN-10076,1755
1,PN-10077,4984
2,PN-10077,544
3,PN-10077,1888
4,PN-10077,675
5,PN-10077,1663
6,PN-10077,1576
7,PN-10077,1502
8,PN-10077,1862
9,PN-10077,1114
10,PN-10077,680
11,PN-10077,1075
12,PN-10077,4578
13,PN-10077,593
14,PN-10077,791
15,PN-10077,511
16,PN-10077,110
17,PN-10077,1016
18,PN-10077,1787
19,PN-10077,418
20,PN-10077,2892
21,PN-10077,1435
22,PN-10077,2249
23,PN-10077,1307
24,PN-10077,866
25,PN-10077,729
26,PN-10077,1331
27,PN-10077,1467
28,PN-10077,675
29,PN-10077,930
30,PN-10077,4335
31,PN-10077,1208
32,PN-10077,1292
33,PN-10077,3412
34,PN-10077,1418
35,PN-10077,1005
36,PN-10077,2238
37,PN-10077,1882
38,PN-10077,1286
39,PN-10077,1414
40,PN-10077,843
41,PN-10077,344
42,PN-10077,1834
43,PN-10077,207
44,PN-10077,361
45,PN-10077,906
46,PN-10077,808
47,PN-10077,1859
48,PN-10077,2224
49,PN-10077,4482
50,PN-10077,156
51,PN-10077,1574
52,PN-10077,1558
53,PN-10077,1434
54,PN-10077,1848
55,PN-10077,2187
56,PN-10077,3283
57,PN-10077,1491
58,PN-10077,3925
59,PN-10077,1443
60,PN-10077,707
61,PN-10077,1297
62,PN-10077,458
63,PN-10077,488
64,PN-10077,970
65,PN-10077,869
66,PN-10077,3189
67,PN-10077,1021
68,PN-10077,432
69,PN-10077,1212
70,PN-10077,1513
71,PN-10077,1290
72,PN-10077,389
73,PN-10077,3307
74,PN-10077,136
75,PN-10077,1209
76,PN-10077,367
77,PN-10077,2538
78,PN-10077,1673
79,PN-10077,1517
80,PN-10077,967
81,PN-10077,3367
82,PN-10077,972
83,PN-10077,4400
84,PN-10077,511
85,PN-10077,1182
86,PN-10077,2068
87,PN-10077,1714
88,PN-10077,1069
89,PN-10077,168
90,PN-10077,1338
91,PN-10077,843
92,PN-10077,679
93,PN-10077,2332
94,PN-10077,134
95,PN-10077,1213
96,PN-10077,1873
97,PN-10077,2305
98,PN-10077,1350
99,PN-10077,755
100,PN-10077,3133
101,PN-10077,3288
102,PN-10077,1539
103,PN-10077,3757
104,PN-10077,518
1,PN-10078,877
2,PN-10078,870
3,PN-10078,560
4,PN-10078,968
5,PN-10078,728
6,PN-10078,952
7,PN-10078,686
8,PN-10078,1125
9,PN-10078,923
10,PN-10078,1183
11,PN-10078,691
12,PN-10078,1105
13,PN-10078,598
14,PN-10078,941
15,PN-10078,819
16,PN-10078,857
17,PN-10078,844
18,PN-10078,769
19,PN-10078,698
20,PN-10078,813
21,PN-10078,885
22,PN-10078,1035
23,PN-10078,900
24,PN-10078,1045
25,PN-10078,646
26,PN-10078,831
27,PN-10078,1041
28,PN-10078,998
29,PN-10078,801
30,PN-10078,1107
31,PN-10078,847
32,PN-10078,791
33,PN-10078,979
34,PN-10078,884
35,PN-10078,790
36,PN-10078,784
37,PN-10078,710
38,PN-10078,833
39,PN-10078,1100
40,PN-10078,981
41,PN-10078,1121
42,PN-10078,1054
43,PN-10078,857
44,PN-10078,670
45,PN-10078,780
46,PN-10078,806
47,PN-10078,778
48,PN-10078,1045
49,PN-10078,1042
50,PN-10078,1253
51,PN-10078,787
52,PN-10078,1203
53,PN-10078,1229
54,PN-10078,932
55,PN-10078,1065
56,PN-10078,1199
57,PN-10078,959
58,PN-10078,929
59,PN-10078,827
60,PN-10078,527
61,PN-10078,916
62,PN-10078,788
63,PN-10078,736
64,PN-10078,1000
65,PN-10078,702
66,PN-10078,1113
67,PN-10078,1075
68,PN-10078,926
69,PN-10078,985
70,PN-10078,774
71,PN-10078,1099
72,PN-10078,981
73,PN-10078,976
74,PN-10078,1004
75,PN-10078,814
76,PN-10078,675
77,PN-10078,1108
78,PN-10078,1087
79,PN-10078,893
80,PN-10078,1079
81,PN-10078,1243
82,PN-10078,1220
83,PN-10078,900
84,PN-10078,721
85,PN-10078,736
86,PN-10078,895
87,PN-10078,1184
88,PN-10078,813
89,PN-10078,843
90,PN-10078,855
91,PN-10078,889
92,PN-10078,1003
93,PN-10078,786
94,PN-10078,1231
95,PN-10078,1002
96,PN-10078,1473
97,PN-10078,790
98,PN-10078,1262
99,PN-10078,1206
100,PN-10078,883
101,PN-10078,885
102,PN-10078,802
103,PN-10078,818
104,PN-10078,999
1,PN-10079,0
2,PN-10079,1025
3,PN-10079,0
4,PN-10079,0
5,PN-10079,537
6,PN-10079,0
7,PN-10079,0
8,PN-10079,0
9,PN-10079,286
10,PN-10079,0
11,PN-10079,788
12,PN-10079,0
13,PN-10079,0
14,PN-10079,0
15,PN-10079,0
16,PN-10079,0
17,PN-10079,0
18,PN-10079,0
19,PN-10079,450
20,PN-10079,0
21,PN-10079,0
22,PN-10079,0
23,PN-10079,498
24,PN-10079,0
25,PN-10079,790
26,PN-10079,0
27,PN-10079,0
28,PN-10079,0
29,PN-10079,0
30,PN-10079,534
31,PN-10079,0
32,PN-10079,0
33,PN-10079,2852
34,PN-10079,0
35,PN-10079,0
36,PN-10079,0
37,PN-10079,0
38,PN-10079,75
39,PN-10079,0
40,PN-10079,1332
41,PN-10079,0
42,PN-10079,871
43,PN-10079,0
44,PN-10079,888
45,PN-10079,342
46,PN-10079,1049
47,PN-10079,0
48,PN-10079,518
49,PN-10079,291
50,PN-10079,4594
51,PN-10079,0
52,PN-10079,0
53,PN-10079,0
54,PN-10079,2013
55,PN-10079,1114
56,PN-10079,867
57,PN-10079,0
58,PN-10079,1082
59,PN-10079,1472
60,PN-10079,1456
61,PN-10079,0
62,PN-10079,0
63,PN-10079,2104
64,PN-10079,0
65,PN-10079,0
66,PN-10079,0
67,PN-10079,267
68,PN-10079,0
69,PN-10079,0
70,PN-10079,0
71,PN-10079,0
72,PN-10079,426
73,PN-10079,0
74,PN-10079,0
75,PN-10079,1397
76,PN-10079,471
77,PN-10079,0
78,PN-10079,521
79,PN-10079,0
80,PN-10079,0
81,PN-10079,0
82,PN-10079,1484
83,PN-10079,0
84,PN-10079,0
85,PN-10079,0
86,PN-10079,1532
87,PN-10079,38
88,PN-10079,1178
89,PN-10079,1549
90,PN-10079,0
91,PN-10079,1323
92,PN-10079,880
93,PN-10079,0
94,PN-10079,317
95,PN-10079,465
96,PN-10079,0
97,PN-10079,0
98,PN-10079,0
99,PN-10079,0
100,PN-10079,490
101,PN-10079,0
102,PN-10079,0
103,PN-10079,0
104,PN-10079,0
1,PN-10080,27
2,PN-10080,17
3,PN-10080,25
4,PN-10080,6
5,PN-10080,19
6,PN-10080,18
7,PN-10080,33
8,PN-10080,38
9,PN-10080,9
10,PN-10080,5
11,PN-10080,24
12,PN-10080,2
13,PN-10080,27
14,PN-10080,29
15,PN-10080,9
16,PN-10080,0
17,PN-10080,33
18,PN-10080,43
19,PN-10080,41
20,PN-10080,41
21,PN-10080,3
22,PN-10080,14
23,PN-10080,17
24,PN-10080,15
25,PN-10080,24
26,PN-10080,5
27,PN-10080,2
28,PN-10080,1
29,PN-10080,34
30,PN-10080,4
31,PN-10080,17
32,PN-10080,8
33,PN-10080,8
34,PN-10080,12
35,PN-10080,9
36,PN-10080,2
37,PN-10080,12
38,PN-10080,6
39,PN-10080,6
40,PN-10080,54
41,PN-10080,3
42,PN-10080,12
43,PN-10080,18
44,PN-10080,55
45,PN-10080,4
46,PN-10080,40
47,PN-10080,12
48,PN-10080,12
49,PN-10080,23
50,PN-10080,43
51,PN-10080,9
52,PN-10080,19
53,PN-10080,17
54,PN-10080,17
55,PN-10080,30
56,PN-10080,8
57,PN-10080,11
58,PN-10080,2
59,PN-10080,23
60,PN-10080,15
61,PN-10080,43
62,PN-10080,4
63,PN-10080,57
64,PN-10080,26
65,PN-10080,26
66,PN-10080,9
67,PN-10080,12
68,PN-10080,10
69,PN-10080,41
70,PN-10080,2
71,PN-10080,14
72,PN-10080,14
73,PN-10080,9
74,PN-10080,6
75,PN-10080,13
76,PN-10080,23
77,PN-10080,16
78,PN-10080,6
79,PN-10080,15
80,PN-10080,48
81,PN-10080,8
82,PN-10080,19
83,PN-10080,21
84,PN-10080,3
85,PN-10080,11
86,PN-10080,11
87,PN-10080,15
88,PN-10080,38
89,PN-10080,4
90,PN-10080,40
91,PN-10080,26
92,PN-10080,64
93,PN-10080,92
94,PN-10080,3
95,PN-10080,7
96,PN-10080,7
97,PN-10080,25
98,PN-10080,12
99,PN-10080,7
100,PN-10080,1
101,PN-10080,33
102,PN-10080,14
103,PN-10080,7
104,PN-10080,9
1,PN-10081,529
2,PN-10081,555
3,PN-10081,672
4,PN-10081,664
5,PN-10081,561
6,PN-10081,519
7,PN-10081,714
8,PN-10081,601
9,PN-10081,499
10,PN-10081,473
11,PN-10081,642
12,PN-10081,564
13,PN-10081,550
14,PN-10081,592
15,PN-10081,627
16,PN-10081,590
17,PN-10081,724
18,PN-10081,722
19,PN-10081,633
20,PN-10081,705
21,PN-10081,555
22,PN-10081,615
23,PN-10081,646
24,PN-10081,653
25,PN-10081,656
26,PN-10081,642
27,PN-10081,798
28,PN-10081,543
29,PN-10081,590
30,PN-10081,582
31,PN-10081,559
32,PN-10081,378
33,PN-10081,718
34,PN-10081,460
35,PN-10081,575
36,PN-10081,415
37,PN-10081,625
38,PN-10081,492
39,PN-10081,467
40,PN-10081,622
41,PN-10081,534
42,PN-10081,553
43,PN-10081,635
44,PN-10081,697
45,PN-10081,510
46,PN-10081,481
47,PN-10081,577
48,PN-10081,623
49,PN-10081,717
50,PN-10081,463
51,PN-10081,550
52,PN-10081,724
53,PN-10081,828
54,PN-10081,511
55,PN-10081,544
56,PN-10081,670
57,PN-10081,555
58,PN-10081,526
59,PN-10081,623
60,PN-10081,749
61,PN-10081,442
62,PN-10081,734
63,PN-10081,523
64,PN-10081,631
65,PN-10081,782
66,PN-10081,658
67,PN-10081,599
68,PN-10081,720
69,PN-10081,617
70,PN-10081,690
71,PN-10081,597
72,PN-10081,701
73,PN-10081,446
74,PN-10081,482
75,PN-10081,439
76,PN-10081,588
77,PN-10081,438
78,PN-10081,541
79,PN-10081,506
80,PN-10081,814
81,PN-10081,533
82,PN-10081,498
83,PN-10081,669
84,PN-10081,821
85,PN-10081,604
86,PN-10081,602
87,PN-10081,739
88,PN-10081,693
89,PN-10081,651
90,PN-10081,551
91,PN-10081,680
92,PN-10081,485
93,PN-10081,580
94,PN-10081,828
95,PN-10081,812
96,PN-10081,702
97,PN-10081,418
98,PN-10081,491
99,PN-10081,541
100,PN-10081,591
101,PN-10081,472
102,PN-10081,587
103,PN-10081,824
104,PN-10081,685
1,PN-10082,1178
2,PN-10082,944
3,PN-10082,822
4,PN-10082,907
5,PN-10082,803
6,PN-10082,1145
7,PN-10082,1181
8,PN-10082,894
9,PN-10082,1098
10,PN-10082,1350
11,PN-10082,1459
12,PN-10082,1252
13,PN-10082,1092
14,PN-10082,1308
15,PN-10082,1462
16,PN-10082,758
17,PN-10082,1502
18,PN-10082,1057
19,PN-10082,1039
20,PN-10082,1053
21,PN-10082,1167
22,PN-10082,872
23,PN-10082,1032
24,PN-10082,1203
25,PN-10082,1165
26,PN-10082,1227
27,PN-10082,1107
28,PN-10082,1346
29,PN-10082,1437
30,PN-10082,1422
31,PN-10082,1284
32,PN-10082,1369
33,PN-10082,1326
34,PN-10082,1666
35,PN-10082,1354
36,PN-10082,1091
37,PN-10082,936
38,PN-10082,1088
39,PN-10082,1099
40,PN-10082,1306
41,PN-10082,1064
42,PN-10082,1492
43,PN-10082,920
44,PN-10082,857
45,PN-10082,1163
46,PN-10082,990
47,PN-10082,886
48,PN-10082,1002
49,PN-10082,975
50,PN-10082,1143
51,PN-10082,1032
52,PN-10082,1074
53,PN-10082,1216
54,PN-10082,1464
55,PN-10082,1580
56,PN-10082,1281
57,PN-10082,1284
58,PN-10082,1172
59,PN-10082,1290
60,PN-10082,1247
61,PN-10082,1427
62,PN-10082,759
63,PN-10082,1112
64,PN-10082,1255
65,PN-10082,1205
66,PN-10082,1028
67,PN-10082,965
68,PN-10082,1454
69,PN-10082,1096
70,PN-10082,859
71,PN-10082,1423
72,PN-10082,1308
73,PN-10082,1162
74,PN-10082,980
75,PN-10082,1147
76,PN-10082,1441
77,PN-10082,854
78,PN-10082,884
79,PN-10082,1116
80,PN-10082,1274
81,PN-10082,1175
82,PN-10082,1438
83,PN-10082,1526
84,PN-10082,1317
85,PN-10082,1353
86,PN-10082,1266
87,PN-10082,1196
88,PN-10082,914
89,PN-10082,980
90,PN-10082,927
91,PN-10082,1218
92,PN-10082,1333
93,PN-10082,961
94,PN-10082,1329
95,PN-10082,1103
96,PN-10082,1047
97,PN-10082,1131
98,PN-10082,998
99,PN-10082,1362
100,PN-10082,1178
101,PN-10082,1391
102,PN-10082,1126
103,PN-10082,1154
104,PN-10082,1702
1,PN-10083,50
2,PN-10083,89
3,PN-10083,95
4,PN-10083,83
5,PN-10083,68
6,PN-10083,89
7,PN-10083,65
8,PN-10083,59
9,PN-10083,62
10,PN-10083,60
11,PN-10083,56
12,PN-10083,82
13,PN-10083,61
14,PN-10083,72
15,PN-10083,54
16,PN-10083,75
17,PN-10083,59
18,PN-10083,58
19,PN-10083,70
20,PN-10083,84
21,PN-10083,74
22,PN-10083,74
23,PN-10083,66
24,PN-10083,65
25,PN-10083,80
26,PN-10083,64
27,PN-10083,84
28,PN-10083,91
29,PN-10083,64
30,PN-10083,66
31,PN-10083,67
32,PN-10083,54
33,PN-10083,66
34,PN-10083,87
35,PN-10083,56
36,PN-10083,86
37,PN-10083,65
38,PN-10083,98
39,PN-10083,64
40,PN-10083,73
41,PN-10083,64
42,PN-10083,67
43,PN-10083,95
44,PN-10083,82
45,PN-10083,88
46,PN-10083,56
47,PN-10083,80
48,PN-10083,58
49,PN-10083,54
50,PN-10083,74
51,PN-10083,76
52,PN-10083,75
53,PN-10083,86
54,PN-10083,90
55,PN-10083,99
56,PN-10083,61
57,PN-10083,98
58,PN-10083,101
59,PN-10083,69
60,PN-10083,51
61,PN-10083,54
62,PN-10083,66
63,PN-10083,99
64,PN-10083,74
65,PN-10083,67
66,PN-10083,68
67,PN-10083,60
68,PN-10083,92
69,PN-10083,78
70,PN-10083,108
71,PN-10083,86
72,PN-10083,87
73,PN-10083,71
74,PN-10083,59
75,PN-10083,62
76,PN-10083,56
77,PN-10083,88
78,PN-10083,72
79,PN-10083,92
80,PN-10083,82
81,PN-10083,76
82,PN-10083,64
83,PN-10083,84
84,PN-10083,75
85,PN-10083,89
86,PN-10083,66
87,PN-10083,83
88,PN-10083,96
89,PN-10083,79
90,PN-10083,87
91,PN-10083,86
92,PN-10083,107
93,PN-10083,87
94,PN-10083,92
95,PN-10083,81
96,PN-10083,70
97,PN-10083,62
98,PN-10083,96
99,PN-10083,63
100,PN-10083,86
101,PN-10083,81
102,PN-10083,89
103,PN-10083,71
104,PN-10083,68
1,PN-10084,54
2,PN-10084,48
3,PN-10084,40
4,PN-10084,70
5,PN-10084,44
6,PN-10084,41
7,PN-10084,47
8,PN-10084,59
9,PN-10084,29
10,PN-10084,57
11,PN-10084,40
12,PN-10084,51
13,PN-10084,44
14,PN-10084,69
15,PN-10084,53
16,PN-10084,46
17,PN-10084,50
18,PN-10084,53
19,PN-10084,53
20,PN-10084,54
21,PN-10084,49
22,PN-10084,36
23,PN-10084,45
24,PN-10084,54
25,PN-10084,44
26,PN-10084,57
27,PN-10084,52
28,PN-10084,51
29,PN-10084,65
30,PN-10084,37
31,PN-10084,46
32,PN-10084,63
33,PN-10084,67
34,PN-10084,70
35,PN-10084,50
36,PN-10084,53
37,PN-10084,57
38,PN-10084,62
39,PN-10084,55
40,PN-10084,62
41,PN-10084,58
42,PN-10084,59
43,PN-10084,45
44,PN-10084,51
45,PN-10084,48
46,PN-10084,41
47,PN-10084,36
48,PN-10084,46
49,PN-10084,48
50,PN-10084,51
51,PN-10084,57
52,PN-10084,54
53,PN-10084,51
54,PN-10084,46
55,PN-10084,64
56,PN-10084,54
57,PN-10084,50
58,PN-10084,52
59,PN-10084,46
60,PN-10084,47
61,PN-10084,46
62,PN-10084,48
63,PN-10084,57
64,PN-10084,56
65,PN-10084,68
66,PN-10084,67
67,PN-10084,75
68,PN-10084,62
69,PN-10084,62
70,PN-10084,51
71,PN-10084,63
72,PN-10084,47
73,PN-10084,39
74,PN-10084,66
75,PN-10084,40
76,PN-10084,56
77,PN-10084,45
78,PN-10084,66
79,PN-10084,68
80,PN-10084,62
81,PN-10084,70
82,PN-10084,57
83,PN-10084,79
84,PN-10084,63
85,PN-10084,46
86,PN-10084,54
87,PN-10084,51
88,PN-10084,50
89,PN-10084,37
90,PN-10084,58
91,PN-10084,42
92,PN-10084,31
93,PN-10084,54
94,PN-10084,50
95,PN-10084,49
96,PN-10084,25
97,PN-10084,48
98,PN-10084,54
99,PN-10084,48
100,PN-10084,57
101,PN-10084,67
102,PN-10084,59
103,PN-10084,65
104,PN-10084,68
1,PN-10085,33
2,PN-10085,45
3,PN-10085,50
4,PN-10085,39
5,PN-10085,36
6,PN-10085,45
7,PN-10085,29
8,PN-10085,31
9,PN-10085,34
10,PN-10085,42
11,PN-10085,40
12,PN-10085,47
13,PN-10085,34
14,PN-10085,34
15,PN-10085,46
16,PN-10085,37
17,PN-10085,38
18,PN-10085,28
19,PN-10085,44
20,PN-10085,52
21,PN-10085,32
22,PN-10085,47
23,PN-10085,39
24,PN-10085,27
25,PN-10085,34
26,PN-10085,34
27,PN-10085,40
28,PN-10085,46
29,PN-10085,58
30,PN-10085,32
31,PN-10085,39
32,PN-10085,35
33,PN-10085,32
34,PN-10085,41
35,PN-10085,40
36,PN-10085,27
37,PN-10085,41
38,PN-10085,32
39,PN-10085,42
40,PN-10085,53
41,PN-10085,48
42,PN-10085,46
43,PN-10085,40
44,PN-10085,44
45,PN-10085,47
46,PN-10085,46
47,PN-10085,41
48,PN-10085,42
49,PN-10085,31
50,PN-10085,36
51,PN-10085,47
52,PN-10085,49
53,PN-10085,45
54,PN-10085,57
55,PN-10085,49
56,PN-10085,43
57,PN-10085,35
58,PN-10085,55
59,PN-10085,49
60,PN-10085,56
61,PN-10085,58
62,PN-10085,32
63,PN-10085,32
64,PN-10085,21
65,PN-10085,51
66,PN-10085,50
67,PN-10085,46
68,PN-10085,36
69,PN-10085,45
70,PN-10085,47
71,PN-10085,51
72,PN-10085,46
73,PN-10085,48
74,PN-10085,41
75,PN-10085,51
76,PN-10085,48
77,PN-10085,34
78,PN-10085,56
79,PN-10085,55
80,PN-10085,50
81,PN-10085,49
82,PN-10085,60
83,PN-10085,32
84,PN-10085,55
85,PN-10085,41
86,PN-10085,52
87,PN-10085,44
88,PN-10085,33
89,PN-10085,40
90,PN-10085,52
91,PN-10085,43
92,PN-10085,41
93,PN-10085,42
94,PN-10085,53
95,PN-10085,62
96,PN-10085,29
97,PN-10085,69
98,PN-10085,47
99,PN-10085,49
100,PN-10085,40
101,PN-10085,44
102,PN-10085,46
103,PN-10085,36
104,PN-10085,39
1,PN-10086,26
2,PN-10086,16
3,PN-10086,24
4,PN-10086,20
5,PN-10086,18
6,PN-10086,29
7,PN-10086,17
8,PN-10086,16
9,PN-10086,19
10,PN-10086,17
11,PN-10086,20
12,PN-10086,21
13,PN-10086,22
14,PN-10086,21
15,PN-10086,19
16,PN-10086,25
17,PN-10086,22
18,PN-10086,20
19,PN-10086,27
20,PN-10086,21
21,PN-10086,25
22,PN-10086,25
23,PN-10086,25
24,PN-10086,23
25,PN-10086,21
26,PN-10086,21
27,PN-10086,21
28,PN-10086,14
29,PN-10086,26
30,PN-10086,24
31,PN-10086,26
32,PN-10086,22
33,PN-10086,24
34,PN-10086,16
35,PN-10086,17
36,PN-10086,12
37,PN-10086,21
38,PN-10086,19
39,PN-10086,18
40,PN-10086,24
41,PN-10086,21
42,PN-10086,17
43,PN-10086,34
44,PN-10086,23
45,PN-10086,18
46,PN-10086,19
47,PN-10086,21
48,PN-10086,21
49,PN-10086,26
50,PN-10086,21
51,PN-10086,29
52,PN-10086,21
53,PN-10086,25
54,PN-10086,28
55,PN-10086,29
56,PN-10086,29
57,PN-10086,22
58,PN-10086,23
59,PN-10086,12
60,PN-10086,21
61,PN-10086,26
62,PN-10086,25
63,PN-10086,22
64,PN-10086,29
65,PN-10086,21
66,PN-10086,20
67,PN-10086,22
68,PN-10086,19
69,PN-10086,27
70,PN-10086,25
71,PN-10086,26
72,PN-10086,21
73,PN-10086,22
74,PN-10086,13
75,PN-10086,24
76,PN-10086,23
77,PN-10086,18
78,PN-10086,23
79,PN-10086,23
80,PN-10086,32
81,PN-10086,20
82,PN-10086,26
83,PN-10086,19
84,PN-10086,21
85,PN-10086,24
86,PN-10086,22
87,PN-10086,22
88,PN-10086,24
89,PN-10086,21
90,PN-10086,27
91,PN-10086,22
92,PN-10086,24
93,PN-10086,26
94,PN-10086,26
95,PN-10086,28
96,PN-10086,26
97,PN-10086,26
98,PN-10086,22
99,PN-10086,19
100,PN-10086,17
101,PN-10086,16
102,PN-10086,30
103,PN-10086,14
104,PN-10086,29
1,PN-10087,15
2,PN-10087,21
3,PN-10087,11
4,PN-10087,17
5,PN-10087,22
6,PN-10087,19
7,PN-10087,16
8,PN-10087,11
9,PN-10087,12
10,PN-10087,20
11,PN-10087,15
12,PN-10087,17
13,PN-10087,18
14,PN-10087,14
15,PN-10087,19
16,PN-10087,17
17,PN-10087,19
18,PN-10087,16
19,PN-10087,13
20,PN-10087,16
21,PN-10087,19
22,PN-10087,18
23,PN-10087,17
24,PN-10087,20
25,PN-10087,17
26,PN-10087,18
27,PN-10087,16
28,PN-10087,21
29,PN-10087,19
30,PN-10087,17
31,PN-10087,13
32,PN-10087,21
33,PN-10087,15
34,PN-10087,17
35,PN-10087,24
36,PN-10087,19
37,PN-10087,22
38,PN-10087,16
39,PN-10087,21
40,PN-10087,18
41,PN-10087,20
42,PN-10087,26
43,PN-10087,18
44,PN-10087,19
45,PN-10087,15
46,PN-10087,21
47,PN-10087,16
48,PN-10087,20
49,PN-10087,12
50,PN-10087,19
51,PN-10087,16
52,PN-10087,21
53,PN-10087,19
54,PN-10087,17
55,PN-10087,18
56,PN-10087,16
57,PN-10087,22
58,PN-10087,15
59,PN-10087,17
60,PN-10087,19
61,PN-10087,23
62,PN-10087,18
63,PN-10087,17
64,PN-10087,19
65,PN-10087,12
66,PN-10087,15
67,PN-10087,18
68,PN-10087,17
69,PN-10087,14
70,PN-10087,22
71,PN-10087,20
72,PN-10087,19
73,PN-10087,16
74,PN-10087,18
75,PN-10087,20
76,PN-10087,17
77,PN-10087,20
78,PN-10087,16
79,PN-10087,20
80,PN-10087,24
81,PN-10087,24
82,PN-10087,24
83,PN-10087,21
84,PN-10087,19
85,PN-10087,17
86,PN-10087,12
87,PN-10087,14
88,PN-10087,18
89,PN-10087,18
90,PN-10087,23
91,PN-10087,24
92,PN-10087,17
93,PN-10087,23
94,PN-10087,18
95,PN-10087,22
96,PN-10087,23
97,PN-10087,24
98,PN-10087,17
99,PN-10087,22
100,PN-10087,12
101,PN-10087,23
102,PN-10087,19
103,PN-10087,19
104,PN-10087,12
1,PN-10088,11
2,PN-10088,10
3,PN-10088,16
4,PN-10088,18
5,PN-10088,16
6,PN-10088,23
7,PN-10088,69
8,PN-10088,28
9,PN-10088,26
10,PN-10088,1
11,PN-10088,12
12,PN-10088,12
13,PN-10088,2
14,PN-10088,23
15,PN-10088,9
16,PN-10088,12
17,PN-10088,36
18,PN-10088,14
19,PN-10088,3
20,PN-10088,7
21,PN-10088,19
22,PN-10088,22
23,PN-10088,11
24,PN-10088,13
25,PN-10088,12
26,PN-10088,5
27,PN-10088,32
28,PN-10088,53
29,PN-10088,21
30,PN-10088,3
31,PN-10088,42
32,PN-10088,17
33,PN-10088,15
34,PN-10088,23
35,PN-10088,4
36,PN-10088,10
37,PN-10088,13
38,PN-10088,18
39,PN-10088,21
40,PN-10088,24
41,PN-10088,9
42,PN-10088,2
43,PN-10088,13
44,PN-10088,14
45,PN-10088,2
46,PN-10088,8
47,PN-10088,17
48,PN-10088,9
49,PN-10088,16
50,PN-10088,9
51,PN-10088,25
52,PN-10088,6
53,PN-10088,16
54,PN-10088,17
55,PN-10088,33
56,PN-10088,12
57,PN-10088,54
58,PN-10088,51
59,PN-10088,6
60,PN-10088,15
61,PN-10088,4
62,PN-10088,22
63,PN-10088,9
64,PN-10088,17
65,PN-10088,12
66,PN-10088,99
67,PN-10088,14
68,PN-10088,13
69,PN-10088,35
70,PN-10088,39
71,PN-10088,20
72,PN-10088,38
73,PN-10088,84
74,PN-10088,11
75,PN-10088,4
76,PN-10088,21
77,PN-10088,35
78,PN-10088,50
79,PN-10088,26
80,PN-10088,17
81,PN-10088,8
82,PN-10088,44
83,PN-10088,21
84,PN-10088,2
85,PN-10088,67
86,PN-10088,5
87,PN-10088,35
88,PN-10088,19
89,PN-10088,2
90,PN-10088,14
91,PN-10088,12
92,PN-10088,3
93,PN-10088,25
94,PN-10088,35
95,PN-10088,16
96,PN-10088,12
97,PN-10088,26
98,PN-10088,11
99,PN-10088,11
100,PN-10088,16
101,PN-10088,3
102,PN-10088,1
103,PN-10088,5
104,PN-10088,24
1,PN-10089,109
2,PN-10089,0
3,PN-10089,0
4,PN-10089,0
5,PN-10089,25
6,PN-10089,53
7,PN-10089,0
8,PN-10089,42
9,PN-10089,0
10,PN-10089,0
11,PN-10089,15
12,PN-10089,0
13,PN-10089,0
14,PN-10089,47
15,PN-10089,0
16,PN-10089,0
17,PN-10089,0
18,PN-10089,27
19,PN-10089,0
20,PN-10089,0
21,PN-10089,66
22,PN-10089,0
23,PN-10089,0
24,PN-10089,0
25,PN-10089,0
26,PN-10089,0
27,PN-10089,0
28,PN-10089,0
29,PN-10089,0
30,PN-10089,0
31,PN-10089,0
32,PN-10089,0
33,PN-10089,0
34,PN-10089,0
35,PN-10089,237
36,PN-10089,0
37,PN-10089,22
38,PN-10089,0
39,PN-10089,0
40,PN-10089,0
41,PN-10089,198
42,PN-10089,0
43,PN-10089,0
44,PN-10089,0
45,PN-10089,0
46,PN-10089,0
47,PN-10089,108
48,PN-10089,0
49,PN-10089,0
50,PN-10089,0
51,PN-10089,0
52,PN-10089,0
53,PN-10089,0
54,PN-10089,68
55,PN-10089,0
56,PN-10089,0
57,PN-10089,53
58,PN-10089,0
59,PN-10089,0
60,PN-10089,92
61,PN-10089,0
62,PN-10089,0
63,PN-10089,0
64,PN-10089,22
65,PN-10089,0
66,PN-10089,0
67,PN-10089,0
68,PN-10089,0
69,PN-10089,0
70,PN-10089,75
71,PN-10089,0
72,PN-10089,0
73,PN-10089,23
74,PN-10089,280
75,PN-10089,0
76,PN-10089,0
77,PN-10089,0
78,PN-10089,65
79,PN-10089,0
80,PN-10089,87
81,PN-10089,0
82,PN-10089,0
83,PN-10089,0
84,PN-10089,0
85,PN-10089,0
86,PN-10089,0
87,PN-10089,0
88,PN-10089,0
89,PN-10089,0
90,PN-10089,0
91,PN-10089,0
92,PN-10089,0
93,PN-10089,72
94,PN-10089,0
95,PN-10089,89
96,PN-10089,0
97,PN-10089,0
98,PN-10089,105
99,PN-10089,0
100,PN-10089,0
101,PN-10089,0
102,PN-10089,0
103,PN-10089,0
104,PN-10089,0
1,PN-10090,6
2,PN-10090,8
3,PN-10090,8
4,PN-10090,7
5,PN-10090,5
6,PN-10090,5
7,PN-10090,4
8,PN-10090,6
9,PN-10090,5
10,PN-10090,5
11,PN-10090,6
12,PN-10090,4
13,PN-10090,5
14,PN-10090,6
15,PN-10090,6
16,PN-10090,6
17,PN-10090,6
18,PN-10090,5
19,PN-10090,5
20,PN-10090,5
21,PN-10090,6
22,PN-10090,5
23,PN-10090,6
24,PN-10090,6
25,PN-10090,7
26,PN-10090,5
27,PN-10090,4
28,PN-10090,8
29,PN-10090,7
30,PN-10090,5
31,PN-10090,7
32,PN-10090,7
33,PN-10090,8
34,PN-10090,6
35,PN-10090,7
36,PN-10090,5
37,PN-10090,6
38,PN-10090,6
39,PN-10090,7
40,PN-10090,8
41,PN-10090,7
42,PN-10090,5
43,PN-10090,5
44,PN-10090,8
45,PN-10090,7
46,PN-10090,7
47,PN-10090,6
48,PN-10090,6
49,PN-10090,5
50,PN-10090,7
51,PN-10090,5
52,PN-10090,6
53,PN-10090,6
54,PN-10090,3
55,PN-10090,6
56,PN-10090,6
57,PN-10090,6
58,PN-10090,6
59,PN-10090,8
60,PN-10090,7
61,PN-10090,7
62,PN-10090,7
63,PN-10090,7
64,PN-10090,7
65,PN-10090,7
66,PN-10090,7
67,PN-10090,4
68,PN-10090,9
69,PN-10090,9
70,PN-10090,7
71,PN-10090,5
72,PN-10090,8
73,PN-10090,6
74,PN-10090,7
75,PN-10090,5
76,PN-10090,9
77,PN-10090,5
78,PN-10090,7
79,PN-10090,4
80,PN-10090,7
81,PN-10090,6
82,PN-10090,8
83,PN-10090,6
84,PN-10090,8
85,PN-10090,5
86,PN-10090,6
87,PN-10090,6
88,PN-10090,7
89,PN-10090,7
90,PN-10090,7
91,PN-10090,7
92,PN-10090,8
93,PN-10090,6
94,PN-10090,7
95,PN-10090,9
96,PN-10090,5
97,PN-10090,7
98,PN-10090,7
99,PN-10090,8
100,PN-10090,7
101,PN-10090,7
102,PN-10090,7
103,PN-10090,6
104,PN-10090,6
1,PN-10091,7
2,PN-10091,50
3,PN-10091,43
4,PN-10091,75
5,PN-10091,14
6,PN-10091,70
7,PN-10091,114
8,PN-10091,112
9,PN-10091,93
10,PN-10091,33
11,PN-10091,19
12,PN-10091,30
13,PN-10091,76
14,PN-10091,58
15,PN-10091,169
16,PN-10091,23
17,PN-10091,128
18,PN-10091,34
19,PN-10091,13
20,PN-10091,45
21,PN-10091,55
22,PN-10091,89
23,PN-10091,21
24,PN-10091,44
25,PN-10091,36
26,PN-10091,26
27,PN-10091,118
28,PN-10091,60
29,PN-10091,2
30,PN-10091,49
31,PN-10091,6
32,PN-10091,43
33,PN-10091,7
34,PN-10091,56
35,PN-10091,6
36,PN-10091,13
37,PN-10091,67
38,PN-10091,36
39,PN-10091,8
40,PN-10091,115
41,PN-10091,26
42,PN-10091,31
43,PN-10091,33
44,PN-10091,65
45,PN-10091,27
46,PN-10091,33
47,PN-10091,86
48,PN-10091,78
49,PN-10091,30
50,PN-10091,31
51,PN-10091,1
52,PN-10091,44
53,PN-10091,75
54,PN-10091,27
55,PN-10091,107
56,PN-10091,5
57,PN-10091,16
58,PN-10091,98
59,PN-10091,71
60,PN-10091,5
61,PN-10091,6
62,PN-10091,59
63,PN-10091,50
64,PN-10091,29
65,PN-10091,101
66,PN-10091,20
67,PN-10091,2
68,PN-10091,68
69,PN-10091,80
70,PN-10091,22
71,PN-10091,11
72,PN-10091,3
73,PN-10091,36
74,PN-10091,48
75,PN-10091,78
76,PN-10091,51
77,PN-10091,23
78,PN-10091,45
79,PN-10091,87
80,PN-10091,52
81,PN-10091,80
82,PN-10091,13
83,PN-10091,66
84,PN-10091,54
85,PN-10091,28
86,PN-10091,85
87,PN-10091,148
88,PN-10091,4
89,PN-10091,29
90,PN-10091,35
91,PN-10091,39
92,PN-10091,22
93,PN-10091,6
94,PN-10091,33
95,PN-10091,38
96,PN-10091,30
97,PN-10091,38
98,PN-10091,47
99,PN-10091,32
100,PN-10091,20
101,PN-10091,36
102,PN-10091,49
103,PN-10091,40
104,PN-10091,166
1,PN-10092,821
2,PN-10092,614
3,PN-10092,287
4,PN-10092,294
5,PN-10092,458
6,PN-10092,463
7,PN-10092,437
8,PN-10092,812
9,PN-10092,1263
10,PN-10092,986
11,PN-10092,907
12,PN-10092,240
13,PN-10092,1484
14,PN-10092,278
15,PN-10092,788
16,PN-10092,950
17,PN-10092,1595
18,PN-10092,2292
19,PN-10092,440
20,PN-10092,703
21,PN-10092,1385
22,PN-10092,2264
23,PN-10092,459
24,PN-10092,253
25,PN-10092,137
26,PN-10092,313
27,PN-10092,1262
28,PN-10092,1343
29,PN-10092,875
30,PN-10092,489
31,PN-10092,897
32,PN-10092,656
33,PN-10092,485
34,PN-10092,784
35,PN-10092,432
36,PN-10092,770
37,PN-10092,881
38,PN-10092,1079
39,PN-10092,102
40,PN-10092,1591
41,PN-10092,607
42,PN-10092,2422
43,PN-10092,1324
44,PN-10092,288
45,PN-10092,1015
46,PN-10092,1468
47,PN-10092,506
48,PN-10092,248
49,PN-10092,206
50,PN-10092,134
51,PN-10092,46
52,PN-10092,604
53,PN-10092,235
54,PN-10092,372
55,PN-10092,2505
56,PN-10092,985
57,PN-10092,284
58,PN-10092,3257
59,PN-10092,819
60,PN-10092,2939
61,PN-10092,1923
62,PN-10092,817
63,PN-10092,585
64,PN-10092,1257
65,PN-10092,800
66,PN-10092,445
67,PN-10092,427
68,PN-10092,1518
69,PN-10092,291
70,PN-10092,1484
71,PN-10092,707
72,PN-10092,112
73,PN-10092,1489
74,PN-10092,277
75,PN-10092,316
76,PN-10092,545
77,PN-10092,637
78,PN-10092,879
79,PN-10092,1518
80,PN-10092,1505
81,PN-10092,425
82,PN-10092,438
83,PN-10092,1415
84,PN-10092,244
85,PN-10092,704
86,PN-10092,1907
87,PN-10092,451
88,PN-10092,138
89,PN-10092,284
90,PN-10092,309
91,PN-10092,270
92,PN-10092,565
93,PN-10092,3233
94,PN-10092,1094
95,PN-10092,630
96,PN-10092,672
97,PN-10092,366
98,PN-10092,645
99,PN-10092,1877
100,PN-10092,716
101,PN-10092,1419
102,PN-10092,1290
103,PN-10092,2995
104,PN-10092,1323
1,PN-10093,8147
2,PN-10093,4492
3,PN-10093,2616
4,PN-10093,962
5,PN-10093,4213
6,PN-10093,4404
7,PN-10093,4395
8,PN-10093,1254
9,PN-10093,2772
10,PN-10093,1326
11,PN-10093,1142
12,PN-10093,987
13,PN-10093,341
14,PN-10093,2866
15,PN-10093,1163
16,PN-10093,1411
17,PN-10093,1790
18,PN-10093,3299
19,PN-10093,2523
20,PN-10093,2374
21,PN-10093,103
22,PN-10093,4067
23,PN-10093,6444
24,PN-10093,2267
25,PN-10093,658
26,PN-10093,1246
27,PN-10093,725
28,PN-10093,6486
29,PN-10093,1428
30,PN-10093,2584
31,PN-10093,1736
32,PN-10093,3175
33,PN-10093,883
34,PN-10093,2330
35,PN-10093,1325
36,PN-10093,4562
37,PN-10093,125
38,PN-10093,1506
39,PN-10093,4465
40,PN-10093,4170
41,PN-10093,405
42,PN-10093,3927
43,PN-10093,856
44,PN-10093,1129
45,PN-10093,4363
46,PN-10093,1510
47,PN-10093,348
48,PN-10093,592
49,PN-10093,2054
50,PN-10093,1432
51,PN-10093,1434
52,PN-10093,3181
53,PN-10093,2797
54,PN-10093,1658
55,PN-10093,4412
56,PN-10093,3359
57,PN-10093,2700
58,PN-10093,1306
59,PN-10093,4709
60,PN-10093,1422
61,PN-10093,1527
62,PN-10093,6339
63,PN-10093,858
64,PN-10093,861
65,PN-10093,1661
66,PN-10093,719
67,PN-10093,753
68,PN-10093,6849
69,PN-10093,1716
70,PN-10093,2820
71,PN-10093,461
72,PN-10093,814
73,PN-10093,7053
74,PN-10093,689
75,PN-10093,2701
76,PN-10093,30
77,PN-10093,409
78,PN-10093,1641
79,PN-10093,4340
80,PN-10093,2217
81,PN-10093,1863
82,PN-10093,3696
83,PN-10093,2612
84,PN-10093,2051
85,PN-10093,1351
86,PN-10093,1685
87,PN-10093,1276
88,PN-10093,1973
89,PN-10093,2852
90,PN-10093,529
91,PN-10093,1085
92,PN-10093,3573
93,PN-10093,4001
94,PN-10093,6346
95,PN-10093,2309
96,PN-10093,1060
97,PN-10093,1124
98,PN-10093,2143
99,PN-10093,824
100,PN-10093,5580
101,PN-10093,1288
102,PN-10093,5045
103,PN-10093,723
104,PN-10093,1782
1,PN-10094,361
2,PN-10094,334
3,PN-10094,299
4,PN-10094,447
5,PN-10094,372
6,PN-10094,422
7,PN-10094,391
8,PN-10094,400
9,PN-10094,227
10,PN-10094,303
11,PN-10094,400
12,PN-10094,285
13,PN-10094,405
14,PN-10094,291
15,PN-10094,397
16,PN-10094,515
17,PN-10094,454
18,PN-10094,263
19,PN-10094,446
20,PN-10094,503
21,PN-10094,558
22,PN-10094,398
23,PN-10094,276
24,PN-10094,399
25,PN-10094,485
26,PN-10094,373
27,PN-10094,470
28,PN-10094,342
29,PN-10094,434
30,PN-10094,224
31,PN-10094,333
32,PN-10094,394
33,PN-10094,360
34,PN-10094,290
35,PN-10094,340
36,PN-10094,395
37,PN-10094,371
38,PN-10094,388
39,PN-10094,445
40,PN-10094,378
41,PN-10094,510
42,PN-10094,340
43,PN-10094,556
44,PN-10094,490
45,PN-10094,375
46,PN-10094,372
47,PN-10094,400
48,PN-10094,422
49,PN-10094,455
50,PN-10094,291
51,PN-10094,422
52,PN-10094,248
53,PN-10094,396
54,PN-10094,526
55,PN-10094,313
56,PN-10094,299
57,PN-10094,432
58,PN-10094,510
59,PN-10094,423
60,PN-10094,258
61,PN-10094,270
62,PN-10094,394
63,PN-10094,308
64,PN-10094,408
65,PN-10094,422
66,PN-10094,380
67,PN-10094,562
68,PN-10094,473
69,PN-10094,520
70,PN-10094,492
71,PN-10094,404
72,PN-10094,392
73,PN-10094,378
74,PN-10094,443
75,PN-10094,348
76,PN-10094,521
77,PN-10094,351
78,PN-10094,430
79,PN-10094,406
80,PN-10094,396
81,PN-10094,604
82,PN-10094,400
83,PN-10094,406
84,PN-10094,371
85,PN-10094,417
86,PN-10094,399
87,PN-10094,321
88,PN-10094,370
89,PN-10094,449
90,PN-10094,488
91,PN-10094,423
92,PN-10094,435
93,PN-10094,409
94,PN-10094,401
95,PN-10094,368
96,PN-10094,314
97,PN-10094,375
98,PN-10094,489
99,PN-10094,382
100,PN-10094,383
101,PN-10094,381
102,PN-10094,504
103,PN-10094,349
104,PN-10094,450
1,PN-10095,268
2,PN-10095,280
3,PN-10095,292
4,PN-10095,282
5,PN-10095,315
6,PN-10095,269
7,PN-10095,348
8,PN-10095,261
9,PN-10095,178
10,PN-10095,285
11,PN-10095,277
12,PN-10095,265
13,PN-10095,257
14,PN-10095,171
15,PN-10095,183
16,PN-10095,369
17,PN-10095,254
18,PN-10095,330
19,PN-10095,196
20,PN-10095,219
21,PN-10095,297
22,PN-10095,256
23,PN-10095,286
24,PN-10095,263
25,PN-10095,258
26,PN-10095,241
27,PN-10095,221
28,PN-10095,359
29,PN-10095,371
30,PN-10095,235
31,PN-10095,229
32,PN-10095,263
33,PN-10095,291
34,PN-10095,261
35,PN-10095,290
36,PN-10095,263
37,PN-10095,263
38,PN-10095,392
39,PN-10095,254
40,PN-10095,371
41,PN-10095,368
42,PN-10095,321
43,PN-10095,192
44,PN-10095,292
45,PN-10095,259
46,PN-10095,281
47,PN-10095,222
48,PN-10095,308
49,PN-10095,319
50,PN-10095,331
51,PN-10095,259
52,PN-10095,231
53,PN-10095,310
54,PN-10095,390
55,PN-10095,303
56,PN-10095,323
57,PN-10095,283
58,PN-10095,264
59,PN-10095,318
60,PN-10095,274
61,PN-10095,296
62,PN-10095,301
63,PN-10095,296
64,PN-10095,312
65,PN-10095,245
66,PN-10095,248
67,PN-10095,299
68,PN-10095,303
69,PN-10095,275
70,PN-10095,314
71,PN-10095,344
72,PN-10095,351
73,PN-10095,357
74,PN-10095,215
75,PN-10095,222
76,PN-10095,269
77,PN-10095,293
78,PN-10095,282
79,PN-10095,272
80,PN-10095,290
81,PN-10095,336
82,PN-10095,235
83,PN-10095,435
84,PN-10095,302
85,PN-10095,350
86,PN-10095,259
87,PN-10095,316
88,PN-10095,291
89,PN-10095,333
90,PN-10095,283
91,PN-10095,384
92,PN-10095,224
93,PN-10095,365
94,PN-10095,321
95,PN-10095,256
96,PN-10095,420
97,PN-10095,407
98,PN-10095,188
99,PN-10095,304
100,PN-10095,328
101,PN-10095,314
102,PN-10095,373
103,PN-10095,369
104,PN-10095,319
1,PN-10096,317
2,PN-10096,268
3,PN-10096,216
4,PN-10096,208
5,PN-10096,279
6,PN-10096,192
7,PN-10096,203
8,PN-10096,205
9,PN-10096,225
10,PN-10096,204
11,PN-10096,163
12,PN-10096,264
13,PN-10096,207
14,PN-10096,312
15,PN-10096,246
16,PN-10096,289
17,PN-10096,262
18,PN-10096,287
19,PN-10096,251
20,PN-10096,232
21,PN-10096,262
22,PN-10096,313
23,PN-10096,205
24,PN-10096,249
25,PN-10096,222
26,PN-10096,248
27,PN-10096,235
28,PN-10096,145
29,PN-10096,231
30,PN-10096,282
31,PN-10096,204
32,PN-10096,270
33,PN-10096,235
34,PN-10096,215
35,PN-10096,256
36,PN-10096,247
37,PN-10096,239
38,PN-10096,268
39,PN-10096,240
40,PN-10096,167
41,PN-10096,225
42,PN-10096,164
43,PN-10096,272
44,PN-10096,279
45,PN-10096,276
46,PN-10096,252
47,PN-10096,266
48,PN-10096,161
49,PN-10096,220
50,PN-10096,168
51,PN-10096,215
52,PN-10096,304
53,PN-10096,289
54,PN-10096,275
55,PN-10096,239
56,PN-10096,203
57,PN-10096,253
58,PN-10096,288
59,PN-10096,253
60,PN-10096,165
61,PN-10096,233
62,PN-10096,149
63,PN-10096,264
64,PN-10096,205
65,PN-10096,187
66,PN-10096,281
67,PN-10096,275
68,PN-10096,262
69,PN-10096,351
70,PN-10096,277
71,PN-10096,216
72,PN-10096,262
73,PN-10096,223
74,PN-10096,285
75,PN-10096,244
76,PN-10096,250
77,PN-10096,177
78,PN-10096,247
79,PN-10096,247
80,PN-10096,207
81,PN-10096,246
82,PN-10096,276
83,PN-10096,253
84,PN-10096,185
85,PN-10096,232
86,PN-10096,219
87,PN-10096,245
88,PN-10096,240
89,PN-10096,221
90,PN-10096,223
91,PN-10096,251
92,PN-10096,297
93,PN-10096,271
94,PN-10096,326
95,PN-10096,313
96,PN-10096,326
97,PN-10096,315
98,PN-10096,317
99,PN-10096,193
100,PN-10096,269
101,PN-10096,293
102,PN-10096,304
103,PN-10096,213
104,PN-10096,282
1,PN-10097,715
2,PN-10097,958
3,PN-10097,545
4,PN-10097,624
5,PN-10097,483
6,PN-10097,721
7,PN-10097,967
8,PN-10097,668
9,PN-10097,677
10,PN-10097,730
11,PN-10097,657
12,PN-10097,730
13,PN-10097,751
14,PN-10097,609
15,PN-10097,719
16,PN-10097,837
17,PN-10097,861
18,PN-10097,900
19,PN-10097,759
20,PN-10097,745
21,PN-10097,779
22,PN-10097,606
23,PN-10097,600
24,PN-10097,669
25,PN-10097,537
26,PN-10097,767
27,PN-10097,870
28,PN-10097,650
29,PN-10097,810
30,PN-10097,666
31,PN-10097,606
32,PN-10097,998
33,PN-10097,584
34,PN-10097,538
35,PN-10097,718
36,PN-10097,724
37,PN-10097,781
38,PN-10097,966
39,PN-10097,626
40,PN-10097,667
41,PN-10097,977
42,PN-10097,894
43,PN-10097,873
44,PN-10097,675
45,PN-10097,892
46,PN-10097,831
47,PN-10097,737
48,PN-10097,630
49,PN-10097,717
50,PN-10097,921
51,PN-10097,581
52,PN-10097,634
53,PN-10097,672
54,PN-10097,714
55,PN-10097,775
56,PN-10097,910
57,PN-10097,832
58,PN-10097,763
59,PN-10097,776
60,PN-10097,807
61,PN-10097,500
62,PN-10097,854
63,PN-10097,615
64,PN-10097,677
65,PN-10097,799
66,PN-10097,760
67,PN-10097,852
68,PN-10097,810
69,PN-10097,748
70,PN-10097,996
71,PN-10097,865
72,PN-10097,793
73,PN-10097,830
74,PN-10097,637
75,PN-10097,1014
76,PN-10097,592
77,PN-10097,764
78,PN-10097,727
79,PN-10097,737
80,PN-10097,731
81,PN-10097,692
82,PN-10097,974
83,PN-10097,622
84,PN-10097,918
85,PN-10097,854
86,PN-10097,700
87,PN-10097,814
88,PN-10097,721
89,PN-10097,600
90,PN-10097,612
91,PN-10097,871
92,PN-10097,882
93,PN-10097,845
94,PN-10097,759
95,PN-10097,787
96,PN-10097,760
97,PN-10097,544
98,PN-10097,786
99,PN-10097,836
100,PN-10097,765
101,PN-10097,995
102,PN-10097,624
103,PN-10097,683
104,PN-10097,811
1,PN-10098,13
2,PN-10098,8
3,PN-10098,14
4,PN-10098,13
5,PN-10098,8
6,PN-10098,12
7,PN-10098,10
8,PN-10098,11
9,PN-10098,9
10,PN-10098,12
11,PN-10098,15
12,PN-10098,12
13,PN-10098,7
14,PN-10098,13
15,PN-10098,12
16,PN-10098,10
17,PN-10098,13
18,PN-10098,14
19,PN-10098,11
20,PN-10098,8
21,PN-10098,8
22,PN-10098,10
23,PN-10098,11
24,PN-10098,11
25,PN-10098,10
26,PN-10098,14
27,PN-10098,14
28,PN-10098,13
29,PN-10098,15
30,PN-10098,11
31,PN-10098,10
32,PN-10098,11
33,PN-10098,11
34,PN-10098,8
35,PN-10098,11
36,PN-10098,14
37,PN-10098,14
38,PN-10098,13
39,PN-10098,13
40,PN-10098,16
41,PN-10098,11
42,PN-10098,11
43,PN-10098,16
44,PN-10098,13
45,PN-10098,11
46,PN-10098,14
47,PN-10098,11
48,PN-10098,10
49,PN-10098,10
50,PN-10098,13
51,PN-10098,13
52,PN-10098,16
53,PN-10098,12
54,PN-10098,12
55,PN-10098,17
56,PN-10098,16
57,PN-10098,14
58,PN-10098,9
59,PN-10098,11
60,PN-10098,10
61,PN-10098,12
62,PN-10098,11
63,PN-10098,16
64,PN-10098,9
65,PN-10098,10
66,PN-10098,14
67,PN-10098,15
68,PN-10098,7
69,PN-10098,9
70,PN-10098,13
71,PN-10098,16
72,PN-10098,17
73,PN-10098,12
74,PN-10098,12
75,PN-10098,11
76,PN-10098,14
77,PN-10098,16
78,PN-10098,16
79,PN-10098,13
80,PN-10098,12
81,PN-10098,14
82,PN-10098,17
83,PN-10098,13
84,PN-10098,9
85,PN-10098,12
86,PN-10098,12
87,PN-10098,9
88,PN-10098,13
89,PN-10098,14
90,PN-10098,17
91,PN-10098,10
92,PN-10098,15
93,PN-10098,16
94,PN-10098,15
95,PN-10098,11
96,PN-10098,11
97,PN-10098,14
98,PN-10098,14
99,PN-10098,12
100,PN-10098,16
101,PN-10098,12
102,PN-10098,9
103,PN-10098,13
104,PN-10098,15
1,PN-10099,9
2,PN-10099,10
3,PN-10099,12
4,PN-10099,7
5,PN-10099,8
6,PN-10099,11
7,PN-10099,6
8,PN-10099,8
9,PN-10099,10
10,PN-10099,10
11,PN-10099,9
12,PN-10099,10
13,PN-10099,7
14,PN-10099,11
15,PN-10099,7
16,PN-10099,7
17,PN-10099,10
18,PN-10099,8
19,PN-10099,9
20,PN-10099,9
21,PN-10099,11
22,PN-10099,9
23,PN-10099,8
24,PN-10099,10
25,PN-10099,7
26,PN-10099,10
27,PN-10099,9
28,PN-10099,10
29,PN-10099,6
30,PN-10099,6
31,PN-10099,7
32,PN-10099,12
33,PN-10099,7
34,PN-10099,10
35,PN-10099,8
36,PN-10099,8
37,PN-10099,9
38,PN-10099,12
39,PN-10099,10
40,PN-10099,10
41,PN-10099,12
42,PN-10099,9
43,PN-10099,11
44,PN-10099,11
45,PN-10099,11
46,PN-10099,9
47,PN-10099,8
48,PN-10099,7
49,PN-10099,8
50,PN-10099,7
51,PN-10099,10
52,PN-10099,9
53,PN-10099,10
54,PN-10099,11
55,PN-10099,8
56,PN-10099,8
57,PN-10099,9
58,PN-10099,8
59,PN-10099,8
60,PN-10099,12
61,PN-10099,7
62,PN-10099,12
63,PN-10099,10
64,PN-10099,11
65,PN-10099,11
66,PN-10099,11
67,PN-10099,13
68,PN-10099,8
69,PN-10099,10
70,PN-10099,8
71,PN-10099,7
72,PN-10099,8
73,PN-10099,12
74,PN-10099,9
75,PN-10099,12
76,PN-10099,13
77,PN-10099,14
78,PN-10099,13
79,PN-10099,14
80,PN-10099,11
81,PN-10099,11
82,PN-10099,11
83,PN-10099,10
84,PN-10099,10
85,PN-10099,11
86,PN-10099,9
87,PN-10099,7
88,PN-10099,10
89,PN-10099,8
90,PN-10099,9
91,PN-10099,10
92,PN-10099,9
93,PN-10099,12
94,PN-10099,10
95,PN-10099,12
96,PN-10099,11
97,PN-10099,10
98,PN-10099,10
99,PN-10099,7
100,PN-10099,10
101,PN-10099,11
102,PN-10099,11
103,PN-10099,7
104,PN-10099,7
1,PN-10100,47
2,PN-10100,67
3,PN-10100,56
4,PN-10100,46
5,PN-10100,39
6,PN-10100,46
7,PN-10100,44
8,PN-10100,58
9,PN-10100,58
10,PN-10100,40
11,PN-10100,57
12,PN-10100,57
13,PN-10100,41
14,PN-10100,53
15,PN-10100,58
16,PN-10100,56
17,PN-10100,38
18,PN-10100,55
19,PN-10100,59
20,PN-10100,67
21,PN-10100,45
22,PN-10100,45
23,PN-10100,48
24,PN-10100,53
25,PN-10100,53
26,PN-10100,59
27,PN-10100,43
28,PN-10100,59
29,PN-10100,48
30,PN-10100,54
31,PN-10100,72
32,PN-10100,41
33,PN-10100,50
34,PN-10100,40
35,PN-10100,53
36,PN-10100,61
37,PN-10100,53
38,PN-10100,52
39,PN-10100,67
40,PN-10100,59
41,PN-10100,65
42,PN-10100,64
43,PN-10100,27
44,PN-10100,55
45,PN-10100,44
46,PN-10100,46
47,PN-10100,67
48,PN-10100,49
49,PN-10100,70
50,PN-10100,39
51,PN-10100,43
52,PN-10100,63
53,PN-10100,53
54,PN-10100,60
55,PN-10100,57
56,PN-10100,56
57,PN-10100,54
58,PN-10100,58
59,PN-10100,61
60,PN-10100,70
61,PN-10100,51
62,PN-10100,49
63,PN-10100,49
64,PN-10100,69
65,PN-10100,63
66,PN-10100,38
67,PN-10100,38
68,PN-10100,50
69,PN-10100,61
70,PN-10100,58
71,PN-10100,62
72,PN-10100,54
73,PN-10100,69
74,PN-10100,62
75,PN-10100,55
76,PN-10100,66
77,PN-10100,39
78,PN-10100,56
79,PN-10100,60
80,PN-10100,66
81,PN-10100,41
82,PN-10100,57
83,PN-10100,63
84,PN-10100,63
85,PN-10100,69
86,PN-10100,63
87,PN-10100,55
88,PN-10100,62
89,PN-10100,54
90,PN-10100,58
91,PN-10100,66
92,PN-10100,59
93,PN-10100,64
94,PN-10100,71
95,PN-10100,68
96,PN-10100,73
97,PN-10100,84
98,PN-10100,65
99,PN-10100,52
100,PN-10100,61
101,PN-10100,61
102,PN-10100,63
103,PN-10100,73
104,PN-10100,41
1,PN-10101,51
2,PN-10101,27
3,PN-10101,14
4,PN-10101,30
5,PN-10101,30
6,PN-10101,34
7,PN-10101,5
8,PN-10101,59
9,PN-10101,47
10,PN-10101,15
11,PN-10101,44
12,PN-10101,15
13,PN-10101,55
14,PN-10101,19
15,PN-10101,7
16,PN-10101,76
17,PN-10101,34
18,PN-10101,15
19,PN-10101,59
20,PN-10101,29
21,PN-10101,12
22,PN-10101,57
23,PN-10101,32
24,PN-10101,22
25,PN-10101,17
26,PN-10101,7
27,PN-10101,1
28,PN-10101,33
29,PN-10101,6
30,PN-10101,7
31,PN-10101,16
32,PN-10101,16
33,PN-10101,8
34,PN-10101,31
35,PN-10101,2
36,PN-10101,30
37,PN-10101,13
38,PN-10101,7
39,PN-10101,3
40,PN-10101,21
41,PN-10101,5
42,PN-10101,4
43,PN-10101,54
44,PN-10101,4
45,PN-10101,3
46,PN-10101,30
47,PN-10101,22
48,PN-10101,10
49,PN-10101,6
50,PN-10101,8
51,PN-10101,11
52,PN-10101,27
53,PN-10101,22
54,PN-10101,13
55,PN-10101,13
56,PN-10101,33
57,PN-10101,8
58,PN-10101,3
59,PN-10101,48
60,PN-10101,12
61,PN-10101,69
62,PN-10101,11
63,PN-10101,17
64,PN-10101,7
65,PN-10101,22
66,PN-10101,13
67,PN-10101,15
68,PN-10101,21
69,PN-10101,12
70,PN-10101,23
71,PN-10101,9
72,PN-10101,21
73,PN-10101,2
74,PN-10101,4
75,PN-10101,7
76,PN-10101,5
77,PN-10101,5
78,PN-10101,27
79,PN-10101,14
80,PN-10101,12
81,PN-10101,23
82,PN-10101,25
83,PN-10101,11
84,PN-10101,41
85,PN-10101,14
86,PN-10101,29
87,PN-10101,9
88,PN-10101,21
89,PN-10101,31
90,PN-10101,28
91,PN-10101,27
92,PN-10101,9
93,PN-10101,5
94,PN-10101,4
95,PN-10101,12
96,PN-10101,11
97,PN-10101,25
98,PN-10101,18
99,PN-10101,4
100,PN-10101,35
101,PN-10101,20
102,PN-10101,8
103,PN-10101,10
104,PN-10101,51
1,PN-10102,0
2,PN-10102,0
3,PN-10102,0
4,PN-10102,0
5,PN-10102,1221
6,PN-10102,3899
7,PN-10102,0
8,PN-10102,0
9,PN-10102,1955
10,PN-10102,1338
11,PN-10102,2629
12,PN-10102,0
13,PN-10102,516
14,PN-10102,0
15,PN-10102,0
16,PN-10102,0
17,PN-10102,0
18,PN-10102,1941
19,PN-10102,0
20,PN-10102,0
21,PN-10102,0
22,PN-10102,0
23,PN-10102,0
24,PN-10102,3492
25,PN-10102,0
26,PN-10102,0
27,PN-10102,0
28,PN-10102,695
29,PN-10102,747
30,PN-10102,1288
31,PN-10102,0
32,PN-10102,0
33,PN-10102,0
34,PN-10102,2757
35,PN-10102,2418
36,PN-10102,242
37,PN-10102,624
38,PN-10102,0
39,PN-10102,1471
40,PN-10102,0
41,PN-10102,0
42,PN-10102,0
43,PN-10102,0
44,PN-10102,0
45,PN-10102,0
46,PN-10102,2875
47,PN-10102,0
48,PN-10102,1322
49,PN-10102,0
50,PN-10102,0
51,PN-10102,0
52,PN-10102,2726
53,PN-10102,820
54,PN-10102,831
55,PN-10102,0
56,PN-10102,0
57,PN-10102,0
58,PN-10102,0
59,PN-10102,195
60,PN-10102,0
61,PN-10102,0
62,PN-10102,0
63,PN-10102,0
64,PN-10102,0
65,PN-10102,6812
66,PN-10102,0
67,PN-10102,0
68,PN-10102,0
69,PN-10102,2469
70,PN-10102,0
71,PN-10102,0
72,PN-10102,2757
73,PN-10102,0
74,PN-10102,0
75,PN-10102,0
76,PN-10102,512
77,PN-10102,0
78,PN-10102,0
79,PN-10102,0
80,PN-10102,0
81,PN-10102,0
82,PN-10102,0
83,PN-10102,0
84,PN-10102,0
85,PN-10102,0
86,PN-10102,423
87,PN-10102,0
88,PN-10102,1465
89,PN-10102,0
90,PN-10102,1916
91,PN-10102,0
92,PN-10102,0
93,PN-10102,0
94,PN-10102,0
95,PN-10102,803
96,PN-10102,0
97,PN-10102,0
98,PN-10102,0
99,PN-10102,0
100,PN-10102,0
101,PN-10102,3781
102,PN-10102,938
103,PN-10102,0
104,PN-10102,0
1,PN-10103,2787
2,PN-10103,2848
3,PN-10103,2603
4,PN-10103,2619
5,PN-10103,2546
6,PN-10103,2106
7,PN-10103,2104
8,PN-10103,2056
9,PN-10103,1655
10,PN-10103,2380
11,PN-10103,2327
12,PN-10103,2719
13,PN-10103,3006
14,PN-10103,3108
15,PN-10103,3209
16,PN-10103,2228
17,PN-10103,1912
18,PN-10103,2974
19,PN-10103,3121
20,PN-10103,3130
21,PN-10103,2607
22,PN-10103,1517
23,PN-10103,2521
24,PN-10103,2628
25,PN-10103,2985
26,PN-10103,3137
27,PN-10103,2973
28,PN-10103,2326
29,PN-10103,2139
30,PN-10103,2873
31,PN-10103,2222
32,PN-10103,3220
33,PN-10103,1726
34,PN-10103,2692
35,PN-10103,2553
36,PN-10103,2321
37,PN-10103,2029
38,PN-10103,1560
39,PN-10103,2297
40,PN-10103,2359
41,PN-10103,3176
42,PN-10103,2294
43,PN-10103,2884
44,PN-10103,2024
45,PN-10103,2814
46,PN-10103,1514
47,PN-10103,3427
48,PN-10103,2397
49,PN-10103,1220
50,PN-10103,2159
51,PN-10103,2128
52,PN-10103,2280
53,PN-10103,2471
54,PN-10103,2370
55,PN-10103,2316
56,PN-10103,2146
57,PN-10103,3079
58,PN-10103,3205
59,PN-10103,2463
60,PN-10103,2525
61,PN-10103,1996
62,PN-10103,2533
63,PN-10103,2629
64,PN-10103,2470
65,PN-10103,2818
66,PN-10103,2839
67,PN-10103,2217
68,PN-10103,3353
69,PN-10103,2654
70,PN-10103,3550
71,PN-10103,2883
72,PN-10103,3557
73,PN-10103,3124
74,PN-10103,2653
75,PN-10103,2214
76,PN-10103,2245
77,PN-10103,2867
78,PN-10103,2744
79,PN-10103,2445
80,PN-10103,3198
81,PN-10103,2825
82,PN-10103,3225
83,PN-10103,2286
84,PN-10103,3215
85,PN-10103,2912
86,PN-10103,3189
87,PN-10103,3051
88,PN-10103,2551
89,PN-10103,2537
90,PN-10103,3515
91,PN-10103,2578
92,PN-10103,3154
93,PN-10103,2632
94,PN-10103,1895
95,PN-10103,2218
96,PN-10103,3024
97,PN-10103,3120
98,PN-10103,2916
99,PN-10103,3219
100,PN-10103,2825
101,PN-10103,2268
102,PN-10103,2944
103,PN-10103,2789
104,PN-10103,2479
1,PN-10104,156
2,PN-10104,148
3,PN-10104,131
4,PN-10104,143
5,PN-10104,183
6,PN-10104,178
7,PN-10104,144
8,PN-10104,138
9,PN-10104,100
10,PN-10104,177
11,PN-10104,162
12,PN-10104,158
13,PN-10104,84
14,PN-10104,147
15,PN-10104,145
16,PN-10104,169
17,PN-10104,138
18,PN-10104,142
19,PN-10104,162
20,PN-10104,122
21,PN-10104,125
22,PN-10104,143
23,PN-10104,171
24,PN-10104,159
25,PN-10104,169
26,PN-10104,147
27,PN-10104,189
28,PN-10104,104
29,PN-10104,208
30,PN-10104,212
31,PN-10104,163
32,PN-10104,170
33,PN-10104,144
34,PN-10104,137
35,PN-10104,125
36,PN-10104,139
37,PN-10104,156
38,PN-10104,155
39,PN-10104,201
40,PN-10104,154
41,PN-10104,113
42,PN-10104,201
43,PN-10104,121
44,PN-10104,138
45,PN-10104,158
46,PN-10104,159
47,PN-10104,107
48,PN-10104,124
49,PN-10104,105
50,PN-10104,160
51,PN-10104,178
52,PN-10104,117
53,PN-10104,181
54,PN-10104,183
55,PN-10104,139
56,PN-10104,101
57,PN-10104,126
58,PN-10104,137
59,PN-10104,192
60,PN-10104,144
61,PN-10104,119
62,PN-10104,149
63,PN-10104,113
64,PN-10104,163
65,PN-10104,126
66,PN-10104,133
67,PN-10104,170
68,PN-10104,211
69,PN-10104,224
70,PN-10104,129
71,PN-10104,139
72,PN-10104,167
73,PN-10104,182
74,PN-10104,91
75,PN-10104,150
76,PN-10104,136
77,PN-10104,99
78,PN-10104,118
79,PN-10104,143
80,PN-10104,163
81,PN-10104,193
82,PN-10104,173
83,PN-10104,189
84,PN-10104,159
85,PN-10104,136
86,PN-10104,148
87,PN-10104,170
88,PN-10104,179
89,PN-10104,148
90,PN-10104,129
91,PN-10104,168
92,PN-10104,176
93,PN-10104,201
94,PN-10104,146
95,PN-10104,146
96,PN-10104,186
97,PN-10104,149
98,PN-10104,145
99,PN-10104,190
100,PN-10104,116
101,PN-10104,210
102,PN-10104,138
103,PN-10104,182
104,PN-10104,158
1,PN-10105,21
2,PN-10105,33
3,PN-10105,10
4,PN-10105,17
5,PN-10105,3
6,PN-10105,10
7,PN-10105,22
8,PN-10105,18
9,PN-10105,1
10,PN-10105,12
11,PN-10105,18
12,PN-10105,19
13,PN-10105,4
14,PN-10105,30
15,PN-10105,64
16,PN-10105,33
17,PN-10105,18
18,PN-10105,53
19,PN-10105,10
20,PN-10105,26
21,PN-10105,15
22,PN-10105,50
23,PN-10105,6
24,PN-10105,6
25,PN-10105,42
26,PN-10105,25
27,PN-10105,47
28,PN-10105,7
29,PN-10105,9
30,PN-10105,23
31,PN-10105,3
32,PN-10105,21
33,PN-10105,11
34,PN-10105,15
35,PN-10105,28
36,PN-10105,30
37,PN-10105,58
38,PN-10105,38
39,PN-10105,1
40,PN-10105,7
41,PN-10105,8
42,PN-10105,38
43,PN-10105,57
44,PN-10105,5
45,PN-10105,38
46,PN-10105,17
47,PN-10105,15
48,PN-10105,9
49,PN-10105,13
50,PN-10105,20
51,PN-10105,11
52,PN-10105,25
53,PN-10105,16
54,PN-10105,15
55,PN-10105,30
56,PN-10105,24
57,PN-10105,1
58,PN-10105,26
59,PN-10105,22
60,PN-10105,41
61,PN-10105,22
62,PN-10105,12
63,PN-10105,9
64,PN-10105,2
65,PN-10105,18
66,PN-10105,8
67,PN-10105,50
68,PN-10105,19
69,PN-10105,6
70,PN-10105,2
71,PN-10105,3
72,PN-10105,24
73,PN-10105,51
74,PN-10105,28
75,PN-10105,16
76,PN-10105,72
77,PN-10105,34
78,PN-10105,24
79,PN-10105,13
80,PN-10105,57
81,PN-10105,15
82,PN-10105,8
83,PN-10105,18
84,PN-10105,21
85,PN-10105,37
86,PN-10105,8
87,PN-10105,9
88,PN-10105,10
89,PN-10105,16
90,PN-10105,6
91,PN-10105,49
92,PN-10105,3
93,PN-10105,59
94,PN-10105,36
95,PN-10105,8
96,PN-10105,16
97,PN-10105,9
98,PN-10105,35
99,PN-10105,51
100,PN-10105,124
101,PN-10105,27
102,PN-10105,3
103,PN-10105,7
104,PN-10105,28
1,PN-10106,108
2,PN-10106,108
3,PN-10106,131
4,PN-10106,96
5,PN-10106,120
6,PN-10106,117
7,PN-10106,92
8,PN-10106,137
9,PN-10106,99
10,PN-10106,86
11,PN-10106,122
12,PN-10106,109
13,PN-10106,119
14,PN-10106,89
15,PN-10106,132
16,PN-10106,162
17,PN-10106,90
18,PN-10106,122
19,PN-10106,97
20,PN-10106,164
21,PN-10106,132
22,PN-10106,112
23,PN-10106,83
24,PN-10106,89
25,PN-10106,125
26,PN-10106,85
27,PN-10106,88
28,PN-10106,118
29,PN-10106,121
30,PN-10106,126
31,PN-10106,108
32,PN-10106,134
33,PN-10106,95
34,PN-10106,123
35,PN-10106,113
36,PN-10106,121
37,PN-10106,133
38,PN-10106,103
39,PN-10106,101
40,PN-10106,82
41,PN-10106,76
42,PN-10106,117
43,PN-10106,118
44,PN-10106,96
45,PN-10106,99
46,PN-10106,146
47,PN-10106,130
48,PN-10106,86
49,PN-10106,102
50,PN-10106,120
51,PN-10106,101
52,PN-10106,100
53,PN-10106,112
54,PN-10106,145
55,PN-10106,149
56,PN-10106,106
57,PN-10106,131
58,PN-10106,119
59,PN-10106,95
60,PN-10106,108
61,PN-10106,87
62,PN-10106,136
63,PN-10106,146
64,PN-10106,107
65,PN-10106,105
66,PN-10106,144
67,PN-10106,151
68,PN-10106,100
69,PN-10106,121
70,PN-10106,122
71,PN-10106,104
72,PN-10106,127
73,PN-10106,102
74,PN-10106,104
75,PN-10106,113
76,PN-10106,85
77,PN-10106,74
78,PN-10106,141
79,PN-10106,107
80,PN-10106,174
81,PN-10106,172
82,PN-10106,115
83,PN-10106,178
84,PN-10106,144
85,PN-10106,107
86,PN-10106,63
87,PN-10106,132
88,PN-10106,118
89,PN-10106,127
90,PN-10106,115
91,PN-10106,97
92,PN-10106,116
93,PN-10106,144
94,PN-10106,120
95,PN-10106,120
96,PN-10106,92
97,PN-10106,127
98,PN-10106,98
99,PN-10106,140
100,PN-10106,103
101,PN-10106,113
102,PN-10106,167
103,PN-10106,115
104,PN-10106,115
1,PN-10107,229
2,PN-10107,143
3,PN-10107,261
4,PN-10107,251
5,PN-10107,230
6,PN-10107,81
7,PN-10107,192
8,PN-10107,152
9,PN-10107,235
10,PN-10107,232
11,PN-10107,211
12,PN-10107,157
13,PN-10107,261
14,PN-10107,201
15,PN-10107,284
16,PN-10107,227
17,PN-10107,236
18,PN-10107,196
19,PN-10107,263
20,PN-10107,228
21,PN-10107,254
22,PN-10107,205
23,PN-10107,197
24,PN-10107,222
25,PN-10107,258
26,PN-10107,248
27,PN-10107,220
28,PN-10107,145
29,PN-10107,253
30,PN-10107,163
31,PN-10107,219
32,PN-10107,209
33,PN-10107,156
34,PN-10107,219
35,PN-10107,281
36,PN-10107,191
37,PN-10107,233
38,PN-10107,297
39,PN-10107,247
40,PN-10107,193
41,PN-10107,232
42,PN-10107,244
43,PN-10107,282
44,PN-10107,270
45,PN-10107,109
46,PN-10107,180
47,PN-10107,206
48,PN-10107,169
49,PN-10107,69
50,PN-10107,181
51,PN-10107,212
52,PN-10107,197
53,PN-10107,182
54,PN-10107,228
55,PN-10107,242
56,PN-10107,209
57,PN-10107,281
58,PN-10107,224
59,PN-10107,183
60,PN-10107,170
61,PN-10107,202
62,PN-10107,252
63,PN-10107,181
64,PN-10107,239
65,PN-10107,225
66,PN-10107,307
67,PN-10107,246
68,PN-10107,203
69,PN-10107,262
70,PN-10107,261
71,PN-10107,209
72,PN-10107,174
73,PN-10107,238
74,PN-10107,217
75,PN-10107,155
76,PN-10107,226
77,PN-10107,195
78,PN-10107,163
79,PN-10107,215
80,PN-10107,288
81,PN-10107,287
82,PN-10107,275
83,PN-10107,244
84,PN-10107,253
85,PN-10107,228
86,PN-10107,177
87,PN-10107,182
88,PN-10107,194
89,PN-10107,275
90,PN-10107,267
91,PN-10107,184
92,PN-10107,236
93,PN-10107,220
94,PN-10107,233
95,PN-10107,216
96,PN-10107,297
97,PN-10107,232
98,PN-10107,237
99,PN-10107,233
100,PN-10107,181
101,PN-10107,226
102,PN-10107,266
103,PN-10107,288
104,PN-10107,184
1,PN-10108,105
2,PN-10108,1502
3,PN-10108,1121
4,PN-10108,370
5,PN-10108,561
6,PN-10108,1698
7,PN-10108,692
8,PN-10108,824
9,PN-10108,880
10,PN-10108,372
11,PN-10108,561
12,PN-10108,2843
13,PN-10108,1240
14,PN-10108,102
15,PN-10108,194
16,PN-10108,953
17,PN-10108,297
18,PN-10108,241
19,PN-10108,1019
20,PN-10108,359
21,PN-10108,142
22,PN-10108,561
23,PN-10108,1404
24,PN-10108,626
25,PN-10108,927
26,PN-10108,791
27,PN-10108,773
28,PN-10108,644
29,PN-10108,1095
30,PN-10108,1133
31,PN-10108,1902
32,PN-10108,483
33,PN-10108,1363
34,PN-10108,712
35,PN-10108,1309
36,PN-10108,596
37,PN-10108,904
38,PN-10108,1005
39,PN-10108,328
40,PN-10108,233
41,PN-10108,738
42,PN-10108,1885
43,PN-10108,947
44,PN-10108,2025
45,PN-10108,1093
46,PN-10108,469
47,PN-10108,764
48,PN-10108,1012
49,PN-10108,1457
50,PN-10108,35
51,PN-10108,240
52,PN-10108,1586
53,PN-10108,989
54,PN-10108,1495
55,PN-10108,4425
56,PN-10108,1114
57,PN-10108,88
58,PN-10108,695
59,PN-10108,128
60,PN-10108,277
61,PN-10108,1330
62,PN-10108,233
63,PN-10108,1284
64,PN-10108,2736
65,PN-10108,1982
66,PN-10108,373
67,PN-10108,633
68,PN-10108,1980
69,PN-10108,1766
70,PN-10108,316
71,PN-10108,420
72,PN-10108,2718
73,PN-10108,603
74,PN-10108,151
75,PN-10108,2621
76,PN-10108,3362
77,PN-10108,1780
78,PN-10108,683
79,PN-10108,628
80,PN-10108,669
81,PN-10108,2416
82,PN-10108,3509
83,PN-10108,185
84,PN-10108,2084
85,PN-10108,123
86,PN-10108,180
87,PN-10108,769
88,PN-10108,524
89,PN-10108,499
90,PN-10108,1944
91,PN-10108,181
92,PN-10108,1053
93,PN-10108,844
94,PN-10108,758
95,PN-10108,300
96,PN-10108,57
97,PN-10108,963
98,PN-10108,342
99,PN-10108,617
100,PN-10108,208
101,PN-10108,98
102,PN-10108,1527
103,PN-10108,2376
104,PN-10108,289
1,PN-10109,0
2,PN-10109,113
3,PN-10109,0
4,PN-10109,49
5,PN-10109,0
6,PN-10109,47
7,PN-10109,0
8,PN-10109,62
9,PN-10109,0
10,PN-10109,0
11,PN-10109,0
12,PN-10109,163
13,PN-10109,0
14,PN-10109,0
15,PN-10109,0
16,PN-10109,0
17,PN-10109,0
18,PN-10109,0
19,PN-10109,0
20,PN-10109,122
21,PN-10109,84
22,PN-10109,0
23,PN-10109,0
24,PN-10109,0
25,PN-10109,104
26,PN-10109,0
27,PN-10109,0
28,PN-10109,0
29,PN-10109,0
30,PN-10109,101
31,PN-10109,0
32,PN-10109,51
33,PN-10109,0
34,PN-10109,0
35,PN-10109,96
36,PN-10109,0
37,PN-10109,0
38,PN-10109,0
39,PN-10109,0
40,PN-10109,0
41,PN-10109,0
42,PN-10109,0
43,PN-10109,0
44,PN-10109,115
45,PN-10109,59
46,PN-10109,52
47,PN-10109,0
48,PN-10109,0
49,PN-10109,332
50,PN-10109,0
51,PN-10109,0
52,PN-10109,145
53,PN-10109,0
54,PN-10109,0
55,PN-10109,16
56,PN-10109,0
57,PN-10109,66
58,PN-10109,0
59,PN-10109,0
60,PN-10109,0
61,PN-10109,0
62,PN-10109,24
63,PN-10109,0
64,PN-10109,0
65,PN-10109,0
66,PN-10109,0
67,PN-10109,0
68,PN-10109,179
69,PN-10109,0
70,PN-10109,0
71,PN-10109,0
72,PN-10109,0
73,PN-10109,0
74,PN-10109,0
75,PN-10109,0
76,PN-10109,0
77,PN-10109,0
78,PN-10109,0
79,PN-10109,43
80,PN-10109,0
81,PN-10109,64
82,PN-10109,0
83,PN-10109,0
84,PN-10109,0
85,PN-10109,0
86,PN-10109,0
87,PN-10109,9
88,PN-10109,0
89,PN-10109,0
90,PN-10109,59
91,PN-10109,172
92,PN-10109,0
93,PN-10109,0
94,PN-10109,0
95,PN-10109,0
96,PN-10109,0
97,PN-10109,124
98,PN-10109,0
99,PN-10109,0
100,PN-10109,0
101,PN-10109,0
102,PN-10109,54
103,PN-10109,48
104,PN-10109,0
1,PN-10110,33
2,PN-10110,41
3,PN-10110,53
4,PN-10110,87
5,PN-10110,27
6,PN-10110,10
7,PN-10110,17
8,PN-10110,7
9,PN-10110,21
10,PN-10110,9
11,PN-10110,49
12,PN-10110,24
13,PN-10110,64
14,PN-10110,39
15,PN-10110,37
16,PN-10110,5
17,PN-10110,34
18,PN-10110,86
19,PN-10110,14
20,PN-10110,45
21,PN-10110,3
22,PN-10110,6
23,PN-10110,18
24,PN-10110,11
25,PN-10110,9
26,PN-10110,12
27,PN-10110,31
28,PN-10110,48
29,PN-10110,34
30,PN-10110,36
31,PN-10110,20
32,PN-10110,6
33,PN-10110,18
34,PN-10110,23
35,PN-10110,47
36,PN-10110,70
37,PN-10110,28
38,PN-10110,44
39,PN-10110,1
40,PN-10110,16
41,PN-10110,21
42,PN-10110,34
43,PN-10110,79
44,PN-10110,28
45,PN-10110,3
46,PN-10110,35
47,PN-10110,14
48,PN-10110,31
49,PN-10110,36
50,PN-10110,2
51,PN-10110,19
52,PN-10110,20
53,PN-10110,28
54,PN-10110,11
55,PN-10110,8
56,PN-10110,79
57,PN-10110,26
58,PN-10110,9
59,PN-10110,12
60,PN-10110,77
61,PN-10110,56
62,PN-10110,11
63,PN-10110,7
64,PN-10110,7
65,PN-10110,54
66,PN-10110,14
67,PN-10110,4
68,PN-10110,14
69,PN-10110,29
70,PN-10110,20
71,PN-10110,60
72,PN-10110,28
73,PN-10110,31
74,PN-10110,43
75,PN-10110,41
76,PN-10110,13
77,PN-10110,7
78,PN-10110,27
79,PN-10110,24
80,PN-10110,30
81,PN-10110,32
82,PN-10110,78
83,PN-10110,18
84,PN-10110,32
85,PN-10110,7
86,PN-10110,10
87,PN-10110,22
88,PN-10110,8
89,PN-10110,36
90,PN-10110,33
91,PN-10110,12
92,PN-10110,19
93,PN-10110,58
94,PN-10110,28
95,PN-10110,114
96,PN-10110,19
97,PN-10110,21
98,PN-10110,23
99,PN-10110,3
100,PN-10110,19
101,PN-10110,18
102,PN-10110,40
103,PN-10110,57
104,PN-10110,17
1,PN-10111,0
2,PN-10111,0
3,PN-10111,0
4,PN-10111,0
5,PN-10111,954
6,PN-10111,0
7,PN-10111,1521
8,PN-10111,0
9,PN-10111,0
10,PN-10111,0
11,PN-10111,0
12,PN-10111,0
13,PN-10111,0
14,PN-10111,0
15,PN-10111,0
16,PN-10111,0
17,PN-10111,8753
18,PN-10111,0
19,PN-10111,0
20,PN-10111,6275
21,PN-10111,0
22,PN-10111,5315
23,PN-10111,0
24,PN-10111,0
25,PN-10111,0
26,PN-10111,0
27,PN-10111,0
28,PN-10111,0
29,PN-10111,0
30,PN-10111,0
31,PN-10111,0
32,PN-10111,0
33,PN-10111,0
34,PN-10111,0
35,PN-10111,7645
36,PN-10111,0
37,PN-10111,0
38,PN-10111,0
39,PN-10111,0
40,PN-10111,7808
41,PN-10111,0
42,PN-10111,0
43,PN-10111,2175
44,PN-10111,0
45,PN-10111,0
46,PN-10111,0
47,PN-10111,9615
48,PN-10111,0
49,PN-10111,0
50,PN-10111,0
51,PN-10111,3575
52,PN-10111,3085
53,PN-10111,0
54,PN-10111,2379
55,PN-10111,7222
56,PN-10111,0
57,PN-10111,0
58,PN-10111,0
59,PN-10111,10844
60,PN-10111,0
61,PN-10111,0
62,PN-10111,0
63,PN-10111,1254
64,PN-10111,3562
65,PN-10111,0
66,PN-10111,8526
67,PN-10111,0
68,PN-10111,1201
69,PN-10111,6876
70,PN-10111,0
71,PN-10111,0
72,PN-10111,0
73,PN-10111,0
74,PN-10111,3155
75,PN-10111,0
76,PN-10111,5145
77,PN-10111,0
78,PN-10111,0
79,PN-10111,0
80,PN-10111,3670
81,PN-10111,0
82,PN-10111,0
83,PN-10111,0
84,PN-10111,2027
85,PN-10111,0
86,PN-10111,0
87,PN-10111,0
88,PN-10111,0
89,PN-10111,0
90,PN-10111,0
91,PN-10111,0
92,PN-10111,3133
93,PN-10111,6391
94,PN-10111,0
95,PN-10111,0
96,PN-10111,0
97,PN-10111,6684
98,PN-10111,0
99,PN-10111,0
100,PN-10111,0
101,PN-10111,0
102,PN-10111,0
103,PN-10111,8628
104,PN-10111,0
1,PN-10112,18
2,PN-10112,22
3,PN-10112,26
4,PN-10112,20
5,PN-10112,22
6,PN-10112,22
7,PN-10112,17
8,PN-10112,19
9,PN-10112,16
10,PN-10112,23
11,PN-10112,17
12,PN-10112,22
13,PN-10112,16
14,PN-10112,17
15,PN-10112,17
16,PN-10112,21
17,PN-10112,23
18,PN-10112,23
19,PN-10112,15
20,PN-10112,20
21,PN-10112,18
22,PN-10112,22
23,PN-10112,19
24,PN-10112,20
25,PN-10112,18
26,PN-10112,28
27,PN-10112,17
28,PN-10112,21
29,PN-10112,23
30,PN-10112,22
31,PN-10112,19
32,PN-10112,15
33,PN-10112,19
34,PN-10112,17
35,PN-10112,27
36,PN-10112,29
37,PN-10112,21
38,PN-10112,16
39,PN-10112,25
40,PN-10112,18
41,PN-10112,21
42,PN-10112,20
43,PN-10112,21
44,PN-10112,21
45,PN-10112,17
46,PN-10112,19
47,PN-10112,25
48,PN-10112,21
49,PN-10112,22
50,PN-10112,13
51,PN-10112,26
52,PN-10112,20
53,PN-10112,27
54,PN-10112,24
55,PN-10112,21
56,PN-10112,16
57,PN-10112,32
58,PN-10112,26
59,PN-10112,26
60,PN-10112,29
61,PN-10112,22
62,PN-10112,27
63,PN-10112,20
64,PN-10112,25
65,PN-10112,20
66,PN-10112,21
67,PN-10112,24
68,PN-10112,18
69,PN-10112,25
70,PN-10112,22
71,PN-10112,15
72,PN-10112,21
73,PN-10112,21
74,PN-10112,25
75,PN-10112,23
76,PN-10112,28
77,PN-10112,25
78,PN-10112,21
79,PN-10112,23
80,PN-10112,23
81,PN-10112,26
82,PN-10112,24
83,PN-10112,21
84,PN-10112,24
85,PN-10112,25
86,PN-10112,19
87,PN-10112,24
88,PN-10112,16
89,PN-10112,27
90,PN-10112,25
91,PN-10112,30
92,PN-10112,19
93,PN-10112,29
94,PN-10112,29
95,PN-10112,24
96,PN-10112,23
97,PN-10112,19
98,PN-10112,18
99,PN-10112,20
100,PN-10112,18
101,PN-10112,29
102,PN-10112,17
103,PN-10112,24
104,PN-10112,26
1,PN-10113,2474
2,PN-10113,2558
3,PN-10113,2798
4,PN-10113,2196
5,PN-10113,2397
6,PN-10113,2193
7,PN-10113,2795
8,PN-10113,3059
9,PN-10113,1721
10,PN-10113,1389
11,PN-10113,2438
12,PN-10113,2690
13,PN-10113,3125
14,PN-10113,2682
15,PN-10113,3017
16,PN-10113,3161
17,PN-10113,3071
18,PN-10113,2784
19,PN-10113,1814
20,PN-10113,2303
21,PN-10113,2384
22,PN-10113,2194
23,PN-10113,2216
24,PN-10113,2890
25,PN-10113,1985
26,PN-10113,2692
27,PN-10113,2547
28,PN-10113,2075
29,PN-10113,1996
30,PN-10113,1716
31,PN-10113,2659
32,PN-10113,2373
33,PN-10113,2000
34,PN-10113,1526
35,PN-10113,2454
36,PN-10113,2203
37,PN-10113,2001
38,PN-10113,1934
39,PN-10113,2293
40,PN-10113,2660
41,PN-10113,2348
42,PN-10113,1980
43,PN-10113,2489
44,PN-10113,2956
45,PN-10113,2461
46,PN-10113,2421
47,PN-10113,2210
48,PN-10113,1948
49,PN-10113,1932
50,PN-10113,1639
51,PN-10113,2889
52,PN-10113,2642
53,PN-10113,2532
54,PN-10113,2674
55,PN-10113,2718
56,PN-10113,2220
57,PN-10113,2382
58,PN-10113,2273
59,PN-10113,3535
60,PN-10113,2829
61,PN-10113,2434
62,PN-10113,2939
63,PN-10113,2913
64,PN-10113,1823
65,PN-10113,2382
66,PN-10113,2530
67,PN-10113,2865
68,PN-10113,2499
69,PN-10113,2554
70,PN-10113,2359
71,PN-10113,3005
72,PN-10113,1834
73,PN-10113,2245
74,PN-10113,1607
75,PN-10113,1956
76,PN-10113,2562
77,PN-10113,2617
78,PN-10113,2382
79,PN-10113,3102
80,PN-10113,3263
81,PN-10113,2613
82,PN-10113,2762
83,PN-10113,2402
84,PN-10113,2861
85,PN-10113,1978
86,PN-10113,3275
87,PN-10113,2949
88,PN-10113,1917
89,PN-10113,2116
90,PN-10113,2701
91,PN-10113,2410
92,PN-10113,2879
93,PN-10113,2494
94,PN-10113,3427
95,PN-10113,2690
96,PN-10113,3816
97,PN-10113,2897
98,PN-10113,1940
99,PN-10113,3463
100,PN-10113,2982
101,PN-10113,2657
102,PN-10113,2801
103,PN-10113,2007
104,PN-10113,1762
1,PN-10114,0
2,PN-10114,0
3,PN-10114,0
4,PN-10114,0
5,PN-10114,381
6,PN-10114,0
7,PN-10114,850
8,PN-10114,3227
9,PN-10114,0
10,PN-10114,821
11,PN-10114,0
12,PN-10114,0
13,PN-10114,0
14,PN-10114,0
15,PN-10114,0
16,PN-10114,0
17,PN-10114,975
18,PN-10114,0
19,PN-10114,0
20,PN-10114,0
21,PN-10114,0
22,PN-10114,0
23,PN-10114,1030
24,PN-10114,2457
25,PN-10114,0
26,PN-10114,0
27,PN-10114,0
28,PN-10114,0
29,PN-10114,0
30,PN-10114,0
31,PN-10114,2209
32,PN-10114,0
33,PN-10114,0
34,PN-10114,0
35,PN-10114,0
36,PN-10114,0
37,PN-10114,3811
38,PN-10114,0
39,PN-10114,0
40,PN-10114,1023
41,PN-10114,0
42,PN-10114,0
43,PN-10114,0
44,PN-10114,0
45,PN-10114,0
46,PN-10114,0
47,PN-10114,0
48,PN-10114,0
49,PN-10114,0
50,PN-10114,1258
51,PN-10114,0
52,PN-10114,0
53,PN-10114,3456
54,PN-10114,0
55,PN-10114,0
56,PN-10114,1443
57,PN-10114,0
58,PN-10114,0
59,PN-10114,0
60,PN-10114,0
61,PN-10114,2627
62,PN-10114,0
63,PN-10114,0
64,PN-10114,0
65,PN-10114,0
66,PN-10114,1210
67,PN-10114,2586
68,PN-10114,0
69,PN-10114,1849
70,PN-10114,0
71,PN-10114,0
72,PN-10114,835
73,PN-10114,0
74,PN-10114,0
75,PN-10114,2145
76,PN-10114,0
77,PN-10114,1437
78,PN-10114,0
79,PN-10114,0
80,PN-10114,0
81,PN-10114,0
82,PN-10114,0
83,PN-10114,0
84,PN-10114,91
85,PN-10114,892
86,PN-10114,4236
87,PN-10114,0
88,PN-10114,0
89,PN-10114,2710
90,PN-10114,0
91,PN-10114,0
92,PN-10114,1407
93,PN-10114,3171
94,PN-10114,0
95,PN-10114,3165
96,PN-10114,0
97,PN-10114,0
98,PN-10114,0
99,PN-10114,0
100,PN-10114,1492
101,PN-10114,0
102,PN-10114,0
103,PN-10114,0
104,PN-10114,0
1,PN-10115,131
2,PN-10115,19
3,PN-10115,5
4,PN-10115,62
5,PN-10115,12
6,PN-10115,56
7,PN-10115,17
8,PN-10115,142
9,PN-10115,92
10,PN-10115,27
11,PN-10115,49
12,PN-10115,42
13,PN-10115,17
14,PN-10115,60
15,PN-10115,38
16,PN-10115,43
17,PN-10115,58
18,PN-10115,33
19,PN-10115,15
20,PN-10115,51
21,PN-10115,61
22,PN-10115,61
23,PN-10115,62
24,PN-10115,45
25,PN-10115,5
26,PN-10115,156
27,PN-10115,65
28,PN-10115,26
29,PN-10115,75
30,PN-10115,11
31,PN-10115,59
32,PN-10115,28
33,PN-10115,11
34,PN-10115,11
35,PN-10115,48
36,PN-10115,53
37,PN-10115,14
38,PN-10115,27
39,PN-10115,47
40,PN-10115,22
41,PN-10115,146
42,PN-10115,54
43,PN-10115,34
44,PN-10115,84
45,PN-10115,56
46,PN-10115,47
47,PN-10115,51
48,PN-10115,64
49,PN-10115,19
50,PN-10115,4
51,PN-10115,85
52,PN-10115,39
53,PN-10115,25
54,PN-10115,16
55,PN-10115,14
56,PN-10115,45
57,PN-10115,37
58,PN-10115,85
59,PN-10115,58
60,PN-10115,65
61,PN-10115,77
62,PN-10115,43
63,PN-10115,110
64,PN-10115,19
65,PN-10115,80
66,PN-10115,4
67,PN-10115,4
68,PN-10115,12
69,PN-10115,36
70,PN-10115,3
71,PN-10115,34
72,PN-10115,26
73,PN-10115,151
74,PN-10115,8
75,PN-10115,40
76,PN-10115,57
77,PN-10115,108
78,PN-10115,67
79,PN-10115,93
80,PN-10115,49
81,PN-10115,19
82,PN-10115,7
83,PN-10115,75
84,PN-10115,26
85,PN-10115,2
86,PN-10115,27
87,PN-10115,36
88,PN-10115,98
89,PN-10115,29
90,PN-10115,37
91,PN-10115,38
92,PN-10115,83
93,PN-10115,19
94,PN-10115,56
95,PN-10115,24
96,PN-10115,105
97,PN-10115,122
98,PN-10115,43
99,PN-10115,50
100,PN-10115,30
101,PN-10115,4
102,PN-10115,38
103,PN-10115,35
104,PN-10115,28
1,PN-10116,6
2,PN-10116,10
3,PN-10116,10
4,PN-10116,6
5,PN-10116,20
6,PN-10116,1
7,PN-10116,4
8,PN-10116,13
9,PN-10116,1
10,PN-10116,1
11,PN-10116,3
12,PN-10116,6
13,PN-10116,4
14,PN-10116,8
15,PN-10116,1
16,PN-10116,3
17,PN-10116,12
18,PN-10116,10
19,PN-10116,4
20,PN-10116,8
21,PN-10116,6
22,PN-10116,6
23,PN-10116,8
24,PN-10116,22
25,PN-10116,23
26,PN-10116,1
27,PN-10116,6
28,PN-10116,2
29,PN-10116,10
30,PN-10116,6
31,PN-10116,16
32,PN-10116,7
33,PN-10116,21
34,PN-10116,24
35,PN-10116,20
36,PN-10116,0
37,PN-10116,9
38,PN-10116,5
39,PN-10116,6
40,PN-10116,14
41,PN-10116,6
42,PN-10116,8
43,PN-10116,8
44,PN-10116,1
45,PN-10116,5
46,PN-10116,17
47,PN-10116,0
48,PN-10116,11
49,PN-10116,3
50,PN-10116,5
51,PN-10116,13
52,PN-10116,2
53,PN-10116,6
54,PN-10116,1
55,PN-10116,11
56,PN-10116,4
57,PN-10116,2
58,PN-10116,7
59,PN-10116,1
60,PN-10116,5
61,PN-10116,3
62,PN-10116,8
63,PN-10116,9
64,PN-10116,4
65,PN-10116,22
66,PN-10116,17
67,PN-10116,3
68,PN-10116,38
69,PN-10116,14
70,PN-10116,10
71,PN-10116,10
72,PN-10116,2
73,PN-10116,19
74,PN-10116,1
75,PN-10116,10
76,PN-10116,17
77,PN-10116,3
78,PN-10116,14
79,PN-10116,8
80,PN-10116,15
81,PN-10116,17
82,PN-10116,25
83,PN-10116,21
84,PN-10116,1
85,PN-10116,3
86,PN-10116,11
87,PN-10116,16
88,PN-10116,2
89,PN-10116,13
90,PN-10116,21
91,PN-10116,17
92,PN-10116,13
93,PN-10116,7
94,PN-10116,7
95,PN-10116,35
96,PN-10116,5
97,PN-10116,3
98,PN-10116,2
99,PN-10116,12
100,PN-10116,11
101,PN-10116,8
102,PN-10116,11
103,PN-10116,15
104,PN-10116,6
1,PN-10117,83
2,PN-10117,87
3,PN-10117,74
4,PN-10117,67
5,PN-10117,85
6,PN-10117,73
7,PN-10117,92
8,PN-10117,95
9,PN-10117,84
10,PN-10117,74
11,PN-10117,95
12,PN-10117,76
13,PN-10117,68
14,PN-10117,67
15,PN-10117,68
16,PN-10117,79
17,PN-10117,85
18,PN-10117,58
19,PN-10117,70
20,PN-10117,78
21,PN-10117,82
22,PN-10117,72
23,PN-10117,76
24,PN-10117,57
25,PN-10117,62
26,PN-10117,76
27,PN-10117,85
28,PN-10117,83
29,PN-10117,68
30,PN-10117,77
31,PN-10117,101
32,PN-10117,85
33,PN-10117,74
34,PN-10117,61
35,PN-10117,64
36,PN-10117,74
37,PN-10117,78
38,PN-10117,84
39,PN-10117,83
40,PN-10117,74
41,PN-10117,74
42,PN-10117,112
43,PN-10117,73
44,PN-10117,62
45,PN-10117,56
46,PN-10117,73
47,PN-10117,89
48,PN-10117,67
49,PN-10117,95
50,PN-10117,76
51,PN-10117,93
52,PN-10117,68
53,PN-10117,70
54,PN-10117,84
55,PN-10117,90
56,PN-10117,80
57,PN-10117,86
58,PN-10117,89
59,PN-10117,59
60,PN-10117,73
61,PN-10117,69
62,PN-10117,70
63,PN-10117,83
64,PN-10117,72
65,PN-10117,51
66,PN-10117,79
67,PN-10117,68
68,PN-10117,92
69,PN-10117,97
70,PN-10117,51
71,PN-10117,71
72,PN-10117,85
73,PN-10117,59
74,PN-10117,89
75,PN-10117,93
76,PN-10117,76
77,PN-10117,69
78,PN-10117,48
79,PN-10117,96
80,PN-10117,116
81,PN-10117,114
82,PN-10117,83
83,PN-10117,68
84,PN-10117,96
85,PN-10117,80
86,PN-10117,87
87,PN-10117,84
88,PN-10117,81
89,PN-10117,95
90,PN-10117,97
91,PN-10117,75
92,PN-10117,71
93,PN-10117,48
94,PN-10117,82
95,PN-10117,70
96,PN-10117,93
97,PN-10117,80
98,PN-10117,80
99,PN-10117,94
100,PN-10117,87
101,PN-10117,79
102,PN-10117,106
103,PN-10117,94
104,PN-10117,78
1,PN-10118,736
2,PN-10118,918
3,PN-10118,841
4,PN-10118,647
5,PN-10118,930
6,PN-10118,963
7,PN-10118,932
8,PN-10118,962
9,PN-10118,1021
10,PN-10118,974
11,PN-10118,796
12,PN-10118,736
13,PN-10118,526
14,PN-10118,805
15,PN-10118,894
16,PN-10118,832
17,PN-10118,544
18,PN-10118,773
19,PN-10118,893
20,PN-10118,638
21,PN-10118,790
22,PN-10118,817
23,PN-10118,909
24,PN-10118,1000
25,PN-10118,727
26,PN-10118,825
27,PN-10118,849
28,PN-10118,930
29,PN-10118,921
30,PN-10118,1054
31,PN-10118,481
32,PN-10118,876
33,PN-10118,867
34,PN-10118,749
35,PN-10118,458
36,PN-10118,763
37,PN-10118,679
38,PN-10118,1034
39,PN-10118,868
40,PN-10118,713
41,PN-10118,534
42,PN-10118,945
43,PN-10118,960
44,PN-10118,811
45,PN-10118,919
46,PN-10118,761
47,PN-10118,949
48,PN-10118,928
49,PN-10118,554
50,PN-10118,594
51,PN-10118,1104
52,PN-10118,966
53,PN-10118,654
54,PN-10118,618
55,PN-10118,901
56,PN-10118,689
57,PN-10118,810
58,PN-10118,836
59,PN-10118,813
60,PN-10118,975
61,PN-10118,1066
62,PN-10118,731
63,PN-10118,644
64,PN-10118,880
65,PN-10118,1089
66,PN-10118,798
67,PN-10118,1010
68,PN-10118,750
69,PN-10118,886
70,PN-10118,690
71,PN-10118,859
72,PN-10118,823
73,PN-10118,916
74,PN-10118,1077
75,PN-10118,758
76,PN-10118,526
77,PN-10118,807
78,PN-10118,902
79,PN-10118,907
80,PN-10118,865
81,PN-10118,1138
82,PN-10118,919
83,PN-10118,871
84,PN-10118,750
85,PN-10118,586
86,PN-10118,889
87,PN-10118,867
88,PN-10118,671
89,PN-10118,830
90,PN-10118,830
91,PN-10118,773
92,PN-10118,763
93,PN-10118,971
94,PN-10118,875
95,PN-10118,814
96,PN-10118,762
97,PN-10118,866
98,PN-10118,1014
99,PN-10118,886
100,PN-10118,809
101,PN-10118,890
102,PN-10118,1060
103,PN-10118,943
104,PN-10118,927
1,PN-10119,412
2,PN-10119,292
3,PN-10119,40
4,PN-10119,337
5,PN-10119,555
6,PN-10119,26
7,PN-10119,38
8,PN-10119,110
9,PN-10119,490
10,PN-10119,101
11,PN-10119,500
12,PN-10119,302
13,PN-10119,143
14,PN-10119,1687
15,PN-10119,64
16,PN-10119,272
17,PN-10119,98
18,PN-10119,353
19,PN-10119,100
20,PN-10119,164
21,PN-10119,118
22,PN-10119,190
23,PN-10119,520
24,PN-10119,49
25,PN-10119,108
26,PN-10119,175
27,PN-10119,213
28,PN-10119,734
29,PN-10119,123
30,PN-10119,557
31,PN-10119,803
32,PN-10119,226
33,PN-10119,87
34,PN-10119,624
35,PN-10119,479
36,PN-10119,75
37,PN-10119,844
38,PN-10119,128
39,PN-10119,222
40,PN-10119,450
41,PN-10119,836
42,PN-10119,352
43,PN-10119,211
44,PN-10119,181
45,PN-10119,205
46,PN-10119,1255
47,PN-10119,367
48,PN-10119,287
49,PN-10119,491
50,PN-10119,209
51,PN-10119,767
52,PN-10119,409
53,PN-10119,204
54,PN-10119,169
55,PN-10119,35
56,PN-10119,596
57,PN-10119,54
58,PN-10119,765
59,PN-10119,112
60,PN-10119,125
61,PN-10119,1023
62,PN-10119,517
63,PN-10119,289
64,PN-10119,978
65,PN-10119,253
66,PN-10119,178
67,PN-10119,339
68,PN-10119,639
69,PN-10119,73
70,PN-10119,131
71,PN-10119,97
72,PN-10119,78
73,PN-10119,225
74,PN-10119,74
75,PN-10119,27
76,PN-10119,123
77,PN-10119,116
78,PN-10119,403
79,PN-10119,591
80,PN-10119,155
81,PN-10119,137
82,PN-10119,1098
83,PN-10119,582
84,PN-10119,374
85,PN-10119,200
86,PN-10119,541
87,PN-10119,85
88,PN-10119,553
89,PN-10119,410
90,PN-10119,484
91,PN-10119,314
92,PN-10119,62
93,PN-10119,95
94,PN-10119,467
95,PN-10119,428
96,PN-10119,175
97,PN-10119,168
98,PN-10119,706
99,PN-10119,274
100,PN-10119,119
101,PN-10119,770
102,PN-10119,723
103,PN-10119,278
104,PN-10119,337
1,PN-10120,811
2,PN-10120,871
3,PN-10120,799
4,PN-10120,600
5,PN-10120,531
6,PN-10120,753
7,PN-10120,855
8,PN-10120,657
9,PN-10120,473
10,PN-10120,895
11,PN-10120,716
12,PN-10120,691
13,PN-10120,543
14,PN-10120,706
15,PN-10120,806
16,PN-10120,789
17,PN-10120,634
18,PN-10120,707
19,PN-10120,624
20,PN-10120,892
21,PN-10120,781
22,PN-10120,602
23,PN-10120,524
24,PN-10120,704
25,PN-10120,623
26,PN-10120,647
27,PN-10120,570
28,PN-10120,597
29,PN-10120,758
30,PN-10120,700
31,PN-10120,1054
32,PN-10120,790
33,PN-10120,554
34,PN-10120,496
35,PN-10120,726
36,PN-10120,628
37,PN-10120,847
38,PN-10120,731
39,PN-10120,458
40,PN-10120,596
41,PN-10120,652
42,PN-10120,809
43,PN-10120,606
44,PN-10120,760
45,PN-10120,552
46,PN-10120,712
47,PN-10120,745
48,PN-10120,872
49,PN-10120,719
50,PN-10120,593
51,PN-10120,899
52,PN-10120,702
53,PN-10120,845
54,PN-10120,672
55,PN-10120,774
56,PN-10120,651
57,PN-10120,796
58,PN-10120,846
59,PN-10120,660
60,PN-10120,640
61,PN-10120,748
62,PN-10120,597
63,PN-10120,515
64,PN-10120,767
65,PN-10120,724
66,PN-10120,737
67,PN-10120,840
68,PN-10120,867
69,PN-10120,751
70,PN-10120,611
71,PN-10120,666
72,PN-10120,814
73,PN-10120,741
74,PN-10120,645
75,PN-10120,613
76,PN-10120,801
77,PN-10120,705
78,PN-10120,852
79,PN-10120,889
80,PN-10120,737
81,PN-10120,922
82,PN-10120,806
83,PN-10120,815
84,PN-10120,463
85,PN-10120,619
86,PN-10120,615
87,PN-10120,686
88,PN-10120,742
89,PN-10120,754
90,PN-10120,785
91,PN-10120,669
92,PN-10120,877
93,PN-10120,1051
94,PN-10120,749
95,PN-10120,703
96,PN-10120,693
97,PN-10120,789
98,PN-10120,690
99,PN-10120,516
100,PN-10120,546
101,PN-10120,875
102,PN-10120,919
103,PN-10120,978
104,PN-10120,808
